response_id,prompt_id,prompt,response,task_decomposition,sequencing_logic,actionability,cognitive_load,notes
R001,S3-P2,"I need to write Chapter 1 of a research paper on social media's effects on teenagers. The paper examines how social media use affects teenagers' mental health and academic performance. Chapter 1 consists of four sections: Background of the Study, Research Objectives, Scope and Limitations, and Significance of the Study. Break this chapter down into microtasks I can execute one at a time, noting which microtasks depend on others and which can be worked on independently.","{
  ""microtasks"": [
    {
      ""id"": 1,
      ""description"": ""Draft the primary research questions and specific research objectives regarding social media's effects on teenagers' mental health and academic performance."",
      ""prerequisites"": []
    },
    {
      ""id"": 2,
      ""description"": ""Gather 3-5 key academic sources and statistics on the relationship between teenage social media use and mental health."",
      ""prerequisites"": []
    },
    {
      ""id"": 3,
      ""description"": ""Gather 3-5 key academic sources and statistics on the relationship between teenage social media use and academic performance."",
      ""prerequisites"": []
    },
    {
      ""id"": 4,
      ""description"": ""Create a detailed outline for the Background of the Study section, structuring the flow from broad social media trends to specific mental health and academic impacts."",
      ""prerequisites"": [2, 3]
    },
    {
      ""id"": 5,
      ""description"": ""Write the introductory paragraphs of the Background of the Study, establishing the global context of teenage social media consumption."",
      ""prerequisites"": [4]
    },
    {
      ""id"": 6,
      ""description"": ""Write the subsection of the Background of the Study focusing on social media's impact on teenage mental health, integrating the gathered sources."",
      ""prerequisites"": [2, 4]
    },
    {
      ""id"": 7,
      ""description"": ""Write the subsection of the Background of the Study focusing on social media's impact on academic performance, integrating the gathered sources."",
      ""prerequisites"": [3, 4]
    },
    {
      ""id"": 8,
      ""description"": ""Write the concluding paragraphs of the Background of the Study, explicitly identifying the gap in literature that this study aims to fill."",
      ""prerequisites"": [5, 6, 7]
    },
    {
      ""id"": 9,
      ""description"": ""Refine and format the draft Research Objectives into a formal 'Research Objectives' section, distinguishing between the main objective and specific sub-objectives."",
      ""prerequisites"": [1]
    },
    {
      ""id"": 10,
      ""description"": ""Define the parameters of the study's scope, including target age group, specific social media platforms, geographical location, and timeframe."",
      ""prerequisites"": [1]
    },
    {
      ""id"": 11,
      ""description"": ""Identify potential limitations of the study, such as self-reporting biases, sample size constraints, or the correlational nature of the data."",
      ""prerequisites"": [10]
    },
    {
      ""id"": 12,
      ""description"": ""Draft the 'Scope and Limitations' section by combining the defined scope parameters and identified limitations into a cohesive narrative."",
      ""prerequisites"": [10, 11]
    },
    {
      ""id"": 13,
      ""description"": ""Identify the key stakeholders who will benefit from this research (e.g., teenagers, parents, educators, mental health professionals, policy makers)."",
      ""prerequisites"": [1]
    },
    {
      ""id"": 14,
      ""description"": ""Draft the 'Significance of the Study' section, detailing the specific practical or theoretical contributions of the research for each identified stakeholder."",
      ""prerequisites"": [13]
    },
    {
      ""id"": 15,
      ""description"": ""Compile the four drafted sections (Background, Objectives, Scope and Limitations, Significance) into a single Chapter 1 document and add transitional sentences between sections."",
      ""prerequisites"": [8, 9, 12, 14]
    },
    {
      ""id"": 16,
      ""description"": ""Proofread Chapter 1 for academic tone, clarity, and adherence to the required citation style (e.g., APA, MLA)."",
      ""prerequisites"": [15]
    }
  ]
}",,,,,
R002,S3-P7,I have to write something about procrastination and self-regulation in college students for my research paper but I'm not sure what part to focus on yet. Help me figure out what to do next.,"{""microtasks"": [{""id"": 1, ""description"": ""Read and annotate 5-7 peer\u2011reviewed articles on procrastination and self\u2011regulation in college students."", ""prerequisites"": []}, {""id"": 2, ""description"": ""Create a summary table of key findings, methodologies, and identified research gaps from the articles read."", ""prerequisites"": [1]}, {""id"": 3, ""description"": ""Generate a list of 3\u20115 specific research questions that address the identified gaps."", ""prerequisites"": [2]}, {""id"": 4, ""description"": ""Assess the feasibility of each research question in terms of time, data availability, and required resources."", ""prerequisites"": [3]}, {""id"": 5, ""description"": ""Select one research question that best fits your interests and constraints as the focus of your paper."", ""prerequisites"": [4]}, {""id"": 6, ""description"": ""Write a concise research focus statement (1\u20112 sentences) that clearly states the chosen focus."", ""prerequisites"": [5]}]}",,,,,
R003,S3-P7,I have to write something about procrastination and self-regulation in college students for my research paper but I'm not sure what part to focus on yet. Help me figure out what to do next.,"{
  ""microtasks"": [
    {
      ""id"": 1,
      ""description"": ""Define 'procrastination' and 'self-regulation' in the context of academic research."",
      ""prerequisites"": []
    },
    {
      ""id"": 2,
      ""description"": ""Conduct a broad literature search using keywords like 'procrastination college students,' 'self-regulation academic performance,' and 'student motivation challenges.'"",
      ""prerequisites"": []
    },
    {
      ""id"": 3,
      ""description"": ""Skim the abstracts and introductions of 10-15 relevant articles found in the initial search to get an overview of current research."",
      ""prerequisites"": [
        2
      ]
    },
    {
      ""id"": 4,
      ""description"": ""Identify common themes, theories, and methodologies used in the literature on procrastination and self-regulation in college students."",
      ""prerequisites"": [
        3
      ]
    },
    {
      ""id"": 5,
      ""description"": ""Note down any specific findings, debates, or unanswered questions that stand out from the initial literature review."",
      ""prerequisites"": [
        3
      ]
    },
    {
      ""id"": 6,
      ""description"": ""Brainstorm 3-5 potential specific research questions or angles for your paper based on the identified themes, gaps, or interesting findings."",
      ""prerequisites"": [
        4,
        5
      ]
    },
    {
      ""id"": 7,
      ""description"": ""Evaluate each brainstormed research question/angle for its feasibility, originality, and personal interest."",
      ""prerequisites"": [
        6
      ]
    },
    {
      ""id"": 8,
      ""description"": ""Select one primary research question or specific focus area for your paper."",
      ""prerequisites"": [
        7
      ]
    },
    {
      ""id"": 9,
      ""description"": ""Formulate a preliminary working thesis statement or a clear, focused research question based on your selected focus area."",
      ""prerequisites"": [
        8
      ]
    }
  ]
}",,,,,
R004,S3-P6,I need to write the related literature section of our research paper on the effects of social media use on teenagers. I do not know where to start. Create microtasks that would help me write this section of the paper.,"{
  ""microtasks"": [
    {
      ""id"": 1,
      ""description"": ""Clarify the specific research questions or objectives of your paper to guide the literature review."",
      ""prerequisites"": []
    },
    {
      ""id"": 2,
      ""description"": ""Brainstorm a comprehensive list of keywords and search terms related to 'social media,' 'teenagers,' 'effects,' and specific sub-topics (e.g., mental health, academic performance, social development)."",
      ""prerequisites"": [
        1
      ]
    },
    {
      ""id"": 3,
      ""description"": ""Identify 3-5 relevant academic databases (e.g., PubMed, PsycINFO, Scopus, Web of Science, Google Scholar) for literature search."",
      ""prerequisites"": []
    },
    {
      ""id"": 4,
      ""description"": ""Decide on a consistent method for taking notes (e.g., digital notes, summary table, reference manager annotations) for each article."",
      ""prerequisites"": []
    },
    {
      ""id"": 5,
      ""description"": ""Perform initial searches in the selected databases using the brainstormed keywords."",
      ""prerequisites"": [
        2,
        3
      ]
    },
    {
      ""id"": 6,
      ""description"": ""Review titles and abstracts of initial search results to identify potentially relevant articles."",
      ""prerequisites"": [
        5
      ]
    },
    {
      ""id"": 7,
      ""description"": ""Download full-text PDFs of all articles deemed potentially relevant."",
      ""prerequisites"": [
        6
      ]
    },
    {
      ""id"": 8,
      ""description"": ""Skim the introduction, methods, results, and discussion sections of downloaded articles to confirm their direct relevance to your paper's focus. Discard irrelevant ones."",
      ""prerequisites"": [
        7
      ]
    },
    {
      ""id"": 9,
      ""description"": ""Read the first batch of 5-7 relevant articles thoroughly, taking detailed notes on main arguments, key findings, methodology, theoretical framework, and how each relates to your research questions, using your chosen note-taking system."",
      ""prerequisites"": [
        4,
        8
      ]
    },
    {
      ""id"": 10,
      ""description"": ""Read the next batch of 5-7 relevant articles thoroughly, taking detailed notes."",
      ""prerequisites"": [
        4,
        8,
        9
      ]
    },
    {
      ""id"": 11,
      ""description"": ""Read all remaining relevant articles thoroughly, taking detailed notes."",
      ""prerequisites"": [
        4,
        8,
        10
      ]
    },
    {
      ""id"": 12,
      ""description"": ""Review all notes to identify recurring themes, debates, theories, and gaps in the literature."",
      ""prerequisites"": [
        9,
        10,
        11
      ]
    },
    {
      ""id"": 13,
      ""description"": ""Create a detailed outline for the literature review section, organizing the identified themes into logical sub-sections."",
      ""prerequisites"": [
        12
      ]
    },
    {
      ""id"": 14,
      ""description"": ""Draft the introductory paragraph for the literature review section, stating its purpose and scope."",
      ""prerequisites"": [
        13
      ]
    },
    {
      ""id"": 15,
      ""description"": ""Draft the first sub-section of the literature review, synthesizing information from multiple sources related to that theme, ensuring proper in-text citations."",
      ""prerequisites"": [
        13
      ]
    },
    {
      ""id"": 16,
      ""description"": ""Draft the second sub-section of the literature review, synthesizing information from multiple sources related to that theme, ensuring proper in-text citations."",
      ""prerequisites"": [
        15
      ]
    },
    {
      ""id"": 17,
      ""description"": ""Draft all remaining sub-sections of the literature review, following the outline and synthesizing information from multiple sources."",
      ""prerequisites"": [
        16
      ]
    },
    {
      ""id"": 18,
      ""description"": ""Draft the concluding paragraph for the literature review, summarizing key findings from the literature and highlighting how it leads to or justifies your study."",
      ""prerequisites"": [
        17
      ]
    },
    {
      ""id"": 19,
      ""description"": ""Review the entire literature review draft for overall coherence, logical flow, and smooth transitions between paragraphs and sections."",
      ""prerequisites"": [
        18
      ]
    },
    {
      ""id"": 20,
      ""description"": ""Check that the literature review builds a clear argument or narrative that supports your paper's research questions/objectives."",
      ""prerequisites"": [
        19
      ]
    },
    {
      ""id"": 21,
      ""description"": ""Verify all in-text citations against the reference list and ensure adherence to the required citation style."",
      ""prerequisites"": [
        18
      ]
    },
    {
      ""id"": 22,
      ""description"": ""Proofread the entire literature review section for grammar, spelling, and punctuation errors."",
      ""prerequisites"": [
        20,
        21
      ]
    }
  ]
}",,,,,
R005,S3-P3,"I need to write the Significance of the Study section for a research paper on sleep deprivation and academic performance among undergraduate students. The section needs to address significance to the academic community, to university administrators, and to student health services. Give me the most granular breakdown of microtasks possible for writing this section.","{""microtasks"": [{""id"": 1, ""description"": ""Read and summarize key peer\u2011reviewed studies on the relationship between sleep deprivation and academic performance among undergraduate students."", ""prerequisites"": []}, {""id"": 2, ""description"": ""Identify and document specific gaps or under\u2011explored areas in the existing literature on sleep deprivation and academic outcomes."", ""prerequisites"": [1]}, {""id"": 3, ""description"": ""Synthesize how the current research base advances knowledge for the academic community (e.g., theoretical insights, methodological contributions)."", ""prerequisites"": [2]}, {""id"": 4, ""description"": ""Draft the significance paragraph addressing the academic community, integrating the synthesized contributions from step 3."", ""prerequisites"": [3]}, {""id"": 5, ""description"": ""Review university policy documents, student handbooks, and institutional data reports on student sleep patterns and related academic support."", ""prerequisites"": [1]}, {""id"": 6, ""description"": ""Identify practical implications of sleep deprivation for university administrators, including effects on retention, grading, and resource allocation."", ""prerequisites"": [5]}, {""id"": 7, ""description"": ""Draft the significance paragraph addressing university administrators, outlining the administrative implications identified in step 6."", ""prerequisites"": [6]}, {""id"": 8, ""description"": ""Examine existing student health services\u2019 programs, resources, and records related to sleep health and wellness."", ""prerequisites"": [1]}, {""id"": 9, ""description"": ""Identify gaps or unmet needs in student health services concerning sleep deprivation and its impact on student well\u2011being."", ""prerequisites"": [8]}, {""id"": 10, ""description"": ""Draft the significance paragraph addressing student health services, highlighting the identified gaps and needed improvements from step 9."", ""prerequisites"": [9]}, {""id"": 11, ""description"": ""Combine the three significance paragraphs (from steps 4, 7, and 10) into a single, cohesive Significance of the Study section."", ""prerequisites"": [4,7,10]}, {""id"": 12, ""description"": ""Edit and refine the combined Significance of the Study section for clarity, conciseness, and alignment with journal guidelines."", ""prerequisites"": [11]}, {""id"": 13, ""description"": ""Verify and format all citations used in the Significance of the Study section according to the target journal\u2019s citation style."", ""prerequisites"": [1,2,3,5,8,9]}, {""id"": 14, ""description"": ""Finalize the Significance of the Study section and insert it into the full manuscript at the appropriate location."", ""prerequisites"": [12,13]}]}",,,,,
R006,S3-P4,"I am tasked with writing the methodology section for a research paper on the effects of social media on teenagers, in which we will be surveying and interviewing undergraduate students within our college. Break this down into microtasks that are simple to understand and initiate, noting which microtasks depend on others and which can be worked on independently.","{""microtasks"": [{""id"": 1, ""description"": ""Define research objectives and research questions for the study on social media effects on teenagers."", ""prerequisites"": []}, {""id"": 2, ""description"": ""Conduct a literature review focusing on existing research about social media impacts on teenagers."", ""prerequisites"": [1]}, {""id"": 3, ""description"": ""Identify and select an appropriate survey methodology (e.g., cross\u2011sectional, online) for the study."", ""prerequisites"": [1]}, {""id"": 4, ""description"": ""Develop the survey questionnaire items based on the chosen methodology and research questions."", ""prerequisites"": [2, 3]}, {""id"": 5, ""description"": ""Draft the interview guide questions aligned with the research objectives and literature findings."", ""prerequisites"": [1, 2]}, {""id"": 6, ""description"": ""Submit and obtain IRB (Institutional Review Board) approval for the survey and interview instruments."", ""prerequisites"": [4, 5]}, {""id"": 7, ""description"": ""Determine sample size and define a sampling strategy (e.g., convenience sampling of undergraduate students)."", ""prerequisites"": [1, 6]}, {""id"": 8, ""description"": ""Create participant recruitment materials (flyer, email template) based on the sampling plan and IRB requirements."", ""prerequisites"": [7, 6]}, {""id"": 9, ""description"": ""Pilot test the survey questionnaire with a small group of undergraduate students."", ""prerequisites"": [4]}, {""id"": 10, ""description"": ""Pilot test the interview guide with a mock interview to refine questions."", ""prerequisites"": [5]}, {""id"": 11, ""description"": ""Distribute the survey to the recruited undergraduate participants."", ""prerequisites"": [8, 6]}, {""id"": 12, ""description"": ""Schedule and conduct the interviews with the recruited undergraduate participants."", ""prerequisites"": [8, 6]}, {""id"": 13, ""description"": ""Collect and organize raw data (survey responses and interview recordings)."", ""prerequisites"": [11, 12]}, {""id"": 14, ""description"": ""Clean and code the survey data for analysis."", ""prerequisites"": [13]}, {""id"": 15, ""description"": ""Transcribe the recorded interview sessions."", ""prerequisites"": [13]}, {""id"": 16, ""description"": ""Perform statistical analysis on the cleaned survey data."", ""prerequisites"": [14]}, {""id"": 17, ""description"": ""Conduct thematic analysis on the interview transcriptions."", ""prerequisites"": [15]}, {""id"": 18, ""description"": ""Integrate literature review, statistical results, and thematic findings to write the methodology section."", ""prerequisites"": [2, 16, 17]}, {""id"": 19, ""description"": ""Revise the methodology section based on reviewer or advisor feedback."", ""prerequisites"": [18]}]}",,,,,
R007,S3-P2,"I need to write Chapter 1 of a research paper on social media's effects on teenagers. The paper examines how social media use affects teenagers' mental health and academic performance. Chapter 1 consists of four sections: Background of the Study, Research Objectives, Scope and Limitations, and Significance of the Study. Break this chapter down into microtasks I can execute one at a time, noting which microtasks depend on others and which can be worked on independently.","{
  ""microtasks"": [
    {
      ""id"": 1,
      ""description"": ""Define the specific research questions regarding social media's effects on teenage mental health and academic performance."",
      ""prerequisites"": []
    },
    {
      ""id"": 2,
      ""description"": ""Gather and summarize 3-5 key statistics and sources on general teenage social media usage rates."",
      ""prerequisites"": []
    },
    {
      ""id"": 3,
      ""description"": ""Gather and summarize 3-5 key studies on the relationship between social media and teenage mental health."",
      ""prerequisites"": []
    },
    {
      ""id"": 4,
      ""description"": ""Gather and summarize 3-5 key studies on the relationship between social media and teenage academic performance."",
      ""prerequisites"": []
    },
    {
      ""id"": 5,
      ""description"": ""Draft the 'Background of the Study' section by synthesizing the gathered literature and establishing the research gap."",
      ""prerequisites"": [2, 3, 4]
    },
    {
      ""id"": 6,
      ""description"": ""Draft the 'Research Objectives' section, outlining the primary and secondary goals of the study based on the research questions."",
      ""prerequisites"": [1]
    },
    {
      ""id"": 7,
      ""description"": ""Define the scope of the study, including the target demographic, specific social media platforms, and geographical boundaries."",
      ""prerequisites"": [1]
    },
    {
      ""id"": 8,
      ""description"": ""Identify the potential limitations of the study, such as self-reporting bias, sample size, or time constraints."",
      ""prerequisites"": [7]
    },
    {
      ""id"": 9,
      ""description"": ""Draft the 'Scope and Limitations' section using the defined scope and identified limitations."",
      ""prerequisites"": [7, 8]
    },
    {
      ""id"": 10,
      ""description"": ""Identify the key stakeholders (e.g., parents, educators, policymakers, mental health professionals) who will benefit from this research."",
      ""prerequisites"": []
    },
    {
      ""id"": 11,
      ""description"": ""Draft the 'Significance of the Study' section, detailing the specific contributions of the research to each stakeholder group."",
      ""prerequisites"": [10]
    },
    {
      ""id"": 12,
      ""description"": ""Compile the four drafted sections (Background, Objectives, Scope/Limitations, Significance) into a single Chapter 1 document."",
      ""prerequisites"": [5, 6, 9, 11]
    },
    {
      ""id"": 13,
      ""description"": ""Review, edit, and proofread Chapter 1 for academic tone, logical flow, and consistent formatting."",
      ""prerequisites"": [12]
    }
  ]
}",,,,,
R008,S3-P4,"I am tasked with writing the methodology section for a research paper on the effects of social media on teenagers, in which we will be surveying and interviewing undergraduate students within our college. Break this down into microtasks that are simple to understand and initiate, noting which microtasks depend on others and which can be worked on independently.","{
  ""microtasks"": [
    {
      ""id"": 1,
      ""description"": ""Outline the main sections and sub-sections required for a methodology chapter (e.g., Research Design, Participants, Data Collection, Data Analysis, Ethical Considerations)."",
      ""prerequisites"": []
    },
    {
      ""id"": 2,
      ""description"": ""Define the overall research design as mixed-methods (combining quantitative surveys and qualitative interviews)."",
      ""prerequisites"": []
    },
    {
      ""id"": 3,
      ""description"": ""Justify the choice of a mixed-methods design for studying the effects of social media on teenagers."",
      ""prerequisites"": [
        2
      ]
    },
    {
      ""id"": 4,
      ""description"": ""Identify the target population for the study (undergraduate students within your college)."",
      ""prerequisites"": []
    },
    {
      ""id"": 5,
      ""description"": ""Determine the specific sampling strategy for the survey component (e.g., convenience, random, stratified sampling)."",
      ""prerequisites"": [
        4
      ]
    },
    {
      ""id"": 6,
      ""description"": ""Determine the specific sampling strategy for the interview component (e.g., purposive, convenience sampling)."",
      ""prerequisites"": [
        4
      ]
    },
    {
      ""id"": 7,
      ""description"": ""Specify clear inclusion and exclusion criteria for participants in both the survey and interview components."",
      ""prerequisites"": [
        4
      ]
    },
    {
      ""id"": 8,
      ""description"": ""Estimate the target sample size for the survey component, providing a rationale."",
      ""prerequisites"": [
        5
      ]
    },
    {
      ""id"": 9,
      ""description"": ""Estimate the target number of participants for the interview component, providing a rationale (e.g., aiming for saturation)."",
      ""prerequisites"": [
        6
      ]
    },
    {
      ""id"": 10,
      ""description"": ""Draft the content of the survey questionnaire, including question types (e.g., Likert scales, multiple choice, open-ended)."",
      ""prerequisites"": []
    },
    {
      ""id"": 11,
      ""description"": ""Draft the interview protocol, including a list of open-ended questions and potential probes."",
      ""prerequisites"": []
    },
    {
      ""id"": 12,
      ""description"": ""Describe the detailed procedure for administering and collecting the surveys (e.g., online platform, in-person distribution, duration)."",
      ""prerequisites"": [
        5,
        10
      ]
    },
    {
      ""id"": 13,
      ""description"": ""Describe the detailed procedure for conducting the interviews (e.g., location, recording method, estimated duration, interviewer training)."",
      ""prerequisites"": [
        6,
        11
      ]
    },
    {
      ""id"": 14,
      ""description"": ""Outline the plan for data management, including how collected data will be stored, organized, and backed up."",
      ""prerequisites"": []
    },
    {
      ""id"": 15,
      ""description"": ""Specify the quantitative data analysis methods to be used for the survey data (e.g., descriptive statistics, inferential tests like t-tests, ANOVA, correlation)."",
      ""prerequisites"": [
        10
      ]
    },
    {
      ""id"": 16,
      ""description"": ""Specify the qualitative data analysis methods to be used for the interview data (e.g., thematic analysis, content analysis, coding procedures)."",
      ""prerequisites"": [
        11
      ]
    },
    {
      ""id"": 17,
      ""description"": ""Identify the specific software or tools that will be used for quantitative data analysis (e.g., SPSS, R, Excel)."",
      ""prerequisites"": [
        15
      ]
    },
    {
      ""id"": 18,
      ""description"": ""Identify the specific software or tools that will be used for qualitative data analysis (e.g., NVivo, ATLAS.ti, manual coding)."",
      ""prerequisites"": [
        16
      ]
    },
    {
      ""id"": 19,
      ""description"": ""Address the requirement for Institutional Review Board (IRB) approval for research involving human subjects."",
      ""prerequisites"": []
    },
    {
      ""id"": 20,
      ""description"": ""Detail the informed consent process, including what information will be provided to participants and how consent will be obtained."",
      ""prerequisites"": [
        19
      ]
    },
    {
      ""id"": 21,
      ""description"": ""Explain measures taken to ensure participant anonymity and data confidentiality."",
      ""prerequisites"": [
        19
      ]
    },
    {
      ""id"": 22,
      ""description"": ""Write the introductory paragraph for the methodology section, providing an overview of the research approach."",
      ""prerequisites"": [
        1,
        2
      ]
    },
    {
      ""id"": 23,
      ""description"": ""Draft the 'Research Design' sub-section, incorporating the definition and justification of the mixed-methods approach."",
      ""prerequisites"": [
        3
      ]
    },
    {
      ""id"": 24,
      ""description"": ""Draft the 'Participants' sub-section, detailing the target population, sampling strategies, inclusion/exclusion criteria, and estimated sample sizes."",
      ""prerequisites"": [
        7,
        8,
        9
      ]
    },
    {
      ""id"": 25,
      ""description"": ""Draft the 'Data Collection Instruments' sub-section, describing the survey questionnaire and interview protocol."",
      ""prerequisites"": [
        10,
        11
      ]
    },
    {
      ""id"": 26,
      ""description"": ""Draft the 'Data Collection Procedures' sub-section, explaining the administration of surveys, conduct of interviews, and data management plan."",
      ""prerequisites"": [
        12,
        13,
        14
      ]
    },
    {
      ""id"": 27,
      ""description"": ""Draft the 'Data Analysis' sub-section, outlining both quantitative and qualitative analysis methods and the software/tools used."",
      ""prerequisites"": [
        17,
        18
      ]
    },
    {
      ""id"": 28,
      ""description"": ""Draft the 'Ethical Considerations' sub-section, covering IRB approval, informed consent, anonymity, and confidentiality."",
      ""prerequisites"": [
        20,
        21
      ]
    },
    {
      ""id"": 29,
      ""description"": ""Review and refine the entire methodology section for clarity, coherence, logical flow, and completeness."",
      ""prerequisites"": [
        22,
        23,
        24,
        25,
        26,
        27,
        28
      ]
    },
    {
      ""id"": 30,
      ""description"": ""Format the methodology section according to the specific guidelines of the research paper (e.g., APA, MLA, Chicago)."",
      ""prerequisites"": [
        29
      ]
    }
  ]
}",,,,,
R009,S3-P7,I have to write something about procrastination and self-regulation in college students for my research paper but I'm not sure what part to focus on yet. Help me figure out what to do next.,"{""microtasks"": [{""id"": 1, ""description"": ""Conduct a preliminary literature search on procrastination and self-regulation in college students, using academic databases and keywords."", ""prerequisites"": []}, {""id"": 2, ""description"": ""Summarize the key findings from the literature search and identify gaps or under\u2011researched areas."", ""prerequisites"": [1]}, {""id"": 3, ""description"": ""Draft a list of possible research questions that address the identified gaps."", ""prerequisites"": [2]}, {""id"": 4, ""description"": ""Evaluate the feasibility of each research question in terms of scope, data availability, and alignment with course requirements."", ""prerequisites"": [3]}, {""id"": 5, ""description"": ""Select a specific focus area or research question to center the paper on."", ""prerequisites"": [4]}, {""id"": 6, ""description"": ""Create an outline for the research paper that aligns with the chosen focus area."", ""prerequisites"": [5]}]}",,,,,
R010,S3-P5,I am writing the scope and limitations section for our research paper on peer pressure and risk-taking behavior among adolescents. We will only have high school students from our partner schools as participants. Another limitation is that we are not measuring long-term behavioral outcomes beyond the school year. Create microtasks that I can accomplish procedurally to complete this section of the paper.,"{
  ""microtasks"": [
    {
      ""id"": 1,
      ""description"": ""Define the demographic parameters (e.g., age range, grade levels) of the adolescent participants."",
      ""prerequisites"": []
    },
    {
      ""id"": 2,
      ""description"": ""Define the institutional boundaries (the specific partner schools) included in the study."",
      ""prerequisites"": []
    },
    {
      ""id"": 3,
      ""description"": ""Define the specific variables (peer pressure and risk-taking behavior) to be measured."",
      ""prerequisites"": []
    },
    {
      ""id"": 4,
      ""description"": ""Write the Scope paragraph by synthesizing the demographic, institutional, and variable definitions."",
      ""prerequisites"": [1, 2, 3]
    },
    {
      ""id"": 5,
      ""description"": ""Draft a statement regarding the sampling limitation caused by the focus on partner schools."",
      ""prerequisites"": [2]
    },
    {
      ""id"": 6,
      ""description"": ""Draft a statement regarding the temporal limitation caused by the lack of long-term behavioral data."",
      ""prerequisites"": []
    },
    {
      ""id"": 7,
      ""description"": ""Write the Limitations paragraph by synthesizing the sampling and temporal statements."",
      ""prerequisites"": [5, 6]
    },
    {
      ""id"": 8,
      ""description"": ""Review the combined Scope and Limitations section for academic tone and logical flow."",
      ""prerequisites"": [4, 7]
    }
  ]
}",,,,,
R011,S3-P1,I need to write the Background of the Study section for a research paper on the effects of social media use on teenagers. The paper argues that excessive social media use is linked to increased anxiety and lower self-esteem among teenagers. Break this down into microtasks I can start working on immediately.,"{""microtasks"": [{""id"": 1, ""description"": ""Search for and document current statistics on teenage social media usage rates and popular platforms."", ""prerequisites"": []}, {""id"": 2, ""description"": ""Search for and document key academic studies linking social media use to teenage anxiety."", ""prerequisites"": []}, {""id"": 3, ""description"": ""Search for and document key academic studies linking social media use to low self-esteem in teenagers."", ""prerequisites"": []}, {""id"": 4, ""description"": ""Create a detailed outline for the Background of the Study section, structuring it from broad context to the specific problem."", ""prerequisites"": []}, {""id"": 5, ""description"": ""Draft the opening paragraph of the Background section, establishing the prevalence and history of social media in teen life using the gathered statistics."", ""prerequisites"": [1, 4]}, {""id"": 6, ""description"": ""Draft the paragraph(s) detailing the relationship between social media and teenage anxiety, citing the gathered academic studies."", ""prerequisites"": [2, 4]}, {""id"": 7, ""description"": ""Draft the paragraph(s) detailing the relationship between social media and teenage self-esteem, citing the gathered academic studies."", ""prerequisites"": [3, 4]}, {""id"": 8, ""description"": ""Draft the transition and synthesis paragraph that connects anxiety and self-esteem issues to excessive social media use, highlighting the gap this study aims to address."", ""prerequisites"": [5, 6, 7]}, {""id"": 9, ""description"": ""Review and edit the entire Background draft for logical flow, transitions, and academic tone."", ""prerequisites"": [8]}, {""id"": 10, ""description"": ""Verify and format all in-text citations and references for the Background section according to the required style guide."", ""prerequisites"": [9]}]}",,,,,
R012,S3-P5,I am writing the scope and limitations section for our research paper on peer pressure and risk-taking behavior among adolescents. We will only have high school students from our partner schools as participants. Another limitation is that we are not measuring long-term behavioral outcomes beyond the school year. Create microtasks that I can accomplish procedurally to complete this section of the paper.,"{
  ""microtasks"": [
    {
      ""id"": 1,
      ""description"": ""Create an outline for the Scope and Limitations section, dividing it into subsections for scope (inclusions) and limitations (exclusions)."",
      ""prerequisites"": []
    },
    {
      ""id"": 2,
      ""description"": ""Draft the scope paragraph defining the target population (adolescents) and the specific setting (high school students from partner schools)."",
      ""prerequisites"": [1]
    },
    {
      ""id"": 3,
      ""description"": ""Draft the scope paragraph defining the specific variables of interest (peer pressure and risk-taking behavior) to be examined."",
      ""prerequisites"": [1]
    },
    {
      ""id"": 4,
      ""description"": ""Draft the limitation paragraph explaining how restricting the sample to partner schools limits the generalizability of the findings."",
      ""prerequisites"": [2]
    },
    {
      ""id"": 5,
      ""description"": ""Draft the limitation paragraph explaining the temporal constraint of not measuring long-term behavioral outcomes beyond the current school year."",
      ""prerequisites"": [1]
    },
    {
      ""id"": 6,
      ""description"": ""Integrate the drafted scope and limitation paragraphs into a single, cohesive section with smooth transitions."",
      ""prerequisites"": [3, 4, 5]
    },
    {
      ""id"": 7,
      ""description"": ""Review and edit the integrated section for academic tone, clarity, and alignment with the overall research paper."",
      ""prerequisites"": [6]
    }
  ]
}",,,,,
R013,S3-P4,"I am tasked with writing the methodology section for a research paper on the effects of social media on teenagers, in which we will be surveying and interviewing undergraduate students within our college. Break this down into microtasks that are simple to understand and initiate, noting which microtasks depend on others and which can be worked on independently.","{
  ""microtasks"": [
    {
      ""id"": 1,
      ""description"": ""Define the overall research design (e.g., mixed-methods, descriptive, or exploratory)."",
      ""prerequisites"": []
    },
    {
      ""id"": 2,
      ""description"": ""Determine the sampling strategy (e.g., convenience sampling, purposive sampling)."",
      ""prerequisites"": []
    },
    {
      ""id"": 3,
      ""description"": ""Establish specific inclusion and exclusion criteria for the undergraduate participants."",
      ""prerequisites"": [2]
    },
    {
      ""id"": 4,
      ""description"": ""Calculate or estimate the required sample size for both the survey and the interviews."",
      ""prerequisites"": [2, 3]
    },
    {
      ""id"": 5,
      ""description"": ""Draft the 'Research Design' subsection of the methodology."",
      ""prerequisites"": [1]
    },
    {
      ""id"": 6,
      ""description"": ""Draft the 'Participants and Sampling' subsection of the methodology."",
      ""prerequisites"": [2, 3, 4]
    },
    {
      ""id"": 7,
      ""description"": ""Develop the survey instrument, including specific questions and response scales."",
      ""prerequisites"": [1]
    },
    {
      ""id"": 8,
      ""description"": ""Develop the semi-structured interview guide/protocol."",
      ""prerequisites"": [1]
    },
    {
      ""id"": 9,
      ""description"": ""Draft the 'Instrumentation' subsection describing the survey and interview tools."",
      ""prerequisites"": [7, 8]
    },
    {
      ""id"": 10,
      ""description"": ""Outline the step-by-step procedure for administering the survey and conducting interviews."",
      ""prerequisites"": [7, 8]
    },
    {
      ""id"": 11,
      ""description"": ""Draft the 'Data Collection Procedures' subsection."",
      ""prerequisites"": [10]
    },
    {
      ""id"": 12,
      ""description"": ""Identify the statistical methods to be used for analyzing survey data."",
      ""prerequisites"": [1, 7]
    },
    {
      ""id"": 13,
      ""description"": ""Identify the qualitative analysis method to be used for interview data (e.g., thematic analysis)."",
      ""prerequisites"": [1, 8]
    },
    {
      ""id"": 14,
      ""description"": ""Draft the 'Data Analysis' subsection."",
      ""prerequisites"": [12, 13]
    },
    {
      ""id"": 15,
      ""description"": ""Outline the ethical protocols, including informed consent, anonymity, and data storage."",
      ""prerequisites"": []
    },
    {
      ""id"": 16,
      ""description"": ""Draft the 'Ethical Considerations' subsection."",
      ""prerequisites"": [15]
    },
    {
      ""id"": 17,
      ""description"": ""Review and integrate all subsections into a single, cohesive methodology section."",
      ""prerequisites"": [5, 6, 9, 11, 14, 16]
    }
  ]
}",,,,,
R014,S3-P10,"I just got my draft of the Introduction chapter back from my thesis adviser, and I am overwhelmed by the required revisions. The adviser left three main comments: 1) The research gap is not clearly explicitly stated, 2) The transition between the background context and the problem statement is abrupt and confusing, and 3) I need to incorporate at least three more recent sources (published between 2024-2026) to justify the severity of the problem. Break this revision process down into actionable microtasks so I can tackle these edits without panicking, noting which microtasks depend on others and which can be worked on independently.","{
  ""microtasks"": [
    {
      ""id"": 1,
      ""description"": ""Search academic databases for at least three sources published between 2024-2026 that demonstrate the severity of the research problem."",
      ""prerequisites"": []
    },
    {
      ""id"": 2,
      ""description"": ""Extract key findings, statistics, or arguments from the selected 2024-2026 sources to use as evidence."",
      ""prerequisites"": [1]
    },
    {
      ""id"": 3,
      ""description"": ""Draft sentences incorporating the new 2024-2026 sources into the background context section of the Introduction."",
      ""prerequisites"": [2]
    },
    {
      ""id"": 4,
      ""description"": ""Draft a single, explicit sentence that clearly defines the research gap (e.g., 'However, previous research has not yet addressed...')."",
      ""prerequisites"": []
    },
    {
      ""id"": 5,
      ""description"": ""Identify the exact location in the current draft where the research gap statement should be positioned."",
      ""prerequisites"": []
    },
    {
      ""id"": 6,
      ""description"": ""Insert the drafted research gap statement into the identified location and adjust the immediate surrounding sentences for basic readability."",
      ""prerequisites"": [4, 5]
    },
    {
      ""id"": 7,
      ""description"": ""Review the connection between the updated background context (containing the new sources) and the problem statement (containing the new gap statement) to pinpoint the exact transition point."",
      ""prerequisites"": [3, 6]
    },
    {
      ""id"": 8,
      ""description"": ""Draft transitional sentences or a short paragraph to logically bridge the background context and the problem statement."",
      ""prerequisites"": [7]
    },
    {
      ""id"": 9,
      ""description"": ""Read through the entire revised Introduction chapter to ensure cohesive flow, logical progression, and correct citation formatting for the new sources."",
      ""prerequisites"": [8]
    }
  ]
}",,,,,
R015,S3-P6,I need to write the related literature section of our research paper on the effects of social media use on teenagers. I do not know where to start. Create microtasks that would help me write this section of the paper.,"{
  ""microtasks"": [
    {
      ""id"": 1,
      ""description"": ""Define the specific scope of 'effects of social media use on teenagers' for this paper (e.g., psychological, social, academic, positive, negative impacts)."",
      ""prerequisites"": []
    },
    {
      ""id"": 2,
      ""description"": ""Brainstorm a comprehensive list of keywords and search terms related to the defined scope."",
      ""prerequisites"": [
        1
      ]
    },
    {
      ""id"": 3,
      ""description"": ""Identify relevant academic databases and search engines (e.g., PubMed, PsycINFO, Google Scholar, Scopus)."",
      ""prerequisites"": []
    },
    {
      ""id"": 4,
      ""description"": ""Execute initial searches using the brainstormed keywords in the identified databases."",
      ""prerequisites"": [
        2,
        3
      ]
    },
    {
      ""id"": 5,
      ""description"": ""Review titles and abstracts of search results to identify potentially relevant articles."",
      ""prerequisites"": [
        4
      ]
    },
    {
      ""id"": 6,
      ""description"": ""Download full-text articles for all promising candidates identified in the abstract review."",
      ""prerequisites"": [
        5
      ]
    },
    {
      ""id"": 7,
      ""description"": ""Screen full-text articles to confirm direct relevance to the paper's scope and discard irrelevant ones."",
      ""prerequisites"": [
        6
      ]
    },
    {
      ""id"": 8,
      ""description"": ""Read each selected article, focusing on its main arguments, methodologies, and key findings."",
      ""prerequisites"": [
        7
      ]
    },
    {
      ""id"": 9,
      ""description"": ""Create a summary of key findings, theories, and methodologies for each relevant article."",
      ""prerequisites"": [
        8
      ]
    },
    {
      ""id"": 10,
      ""description"": ""Identify overarching themes, categories, or sub-topics emerging from the summarized literature."",
      ""prerequisites"": [
        9
      ]
    },
    {
      ""id"": 11,
      ""description"": ""Develop a detailed outline for the related literature section, organizing it by the identified themes."",
      ""prerequisites"": [
        10
      ]
    },
    {
      ""id"": 12,
      ""description"": ""Write an introductory paragraph for the related literature section, stating its purpose and the scope of the review."",
      ""prerequisites"": [
        11
      ]
    },
    {
      ""id"": 13,
      ""description"": ""Draft the body paragraphs for the first theme identified in the outline, synthesizing information from multiple sources."",
      ""prerequisites"": [
        11,
        12
      ]
    },
    {
      ""id"": 14,
      ""description"": ""Draft the body paragraphs for the second theme identified in the outline, synthesizing information from multiple sources."",
      ""prerequisites"": [
        11,
        13
      ]
    },
    {
      ""id"": 15,
      ""description"": ""Draft the body paragraphs for all remaining themes identified in the outline, synthesizing information from multiple sources for each."",
      ""prerequisites"": [
        11,
        14
      ]
    },
    {
      ""id"": 16,
      ""description"": ""Write a concluding paragraph for the related literature section, summarizing key findings and highlighting gaps or areas for future research."",
      ""prerequisites"": [
        11,
        15
      ]
    },
    {
      ""id"": 17,
      ""description"": ""Review the entire related literature section for logical flow, coherence, and smooth transitions between paragraphs and themes."",
      ""prerequisites"": [
        12,
        15,
        16
      ]
    },
    {
      ""id"": 18,
      ""description"": ""Verify that all claims and information are accurately supported by in-text citations according to the required style."",
      ""prerequisites"": [
        17
      ]
    },
    {
      ""id"": 19,
      ""description"": ""Compile a complete and correctly formatted reference list for all cited sources."",
      ""prerequisites"": [
        18
      ]
    },
    {
      ""id"": 20,
      ""description"": ""Proofread the entire section for grammar, spelling, punctuation, and adherence to academic writing standards."",
      ""prerequisites"": [
        17,
        18,
        19
      ]
    }
  ]
}",,,,,
R016,S3-P10,"I just got my draft of the Introduction chapter back from my thesis adviser, and I am overwhelmed by the required revisions. The adviser left three main comments: 1) The research gap is not clearly explicitly stated, 2) The transition between the background context and the problem statement is abrupt and confusing, and 3) I need to incorporate at least three more recent sources (published between 2024-2026) to justify the severity of the problem. Break this revision process down into actionable microtasks so I can tackle these edits without panicking, noting which microtasks depend on others and which can be worked on independently.","{""microtasks"": [{""id"": 1, ""description"": ""List the specific limitations or unanswered questions identified in the current draft to define the research gap."", ""prerequisites"": []}, {""id"": 2, ""description"": ""Draft an explicit statement of the research gap based on the identified limitations."", ""prerequisites"": [1]}, {""id"": 3, ""description"": ""Integrate the drafted research gap statement into the Introduction text."", ""prerequisites"": [2]}, {""id"": 4, ""description"": ""Identify the exact sentence where the background context ends and the problem statement begins."", ""prerequisites"": []}, {""id"": 5, ""description"": ""Draft a transitional sentence or paragraph to bridge the background context and the problem statement."", ""prerequisites"": [4]}, {""id"": 6, ""description"": ""Replace the existing abrupt transition with the new drafted bridging text."", ""prerequisites"": [5]}, {""id"": 7, ""description"": ""Search academic databases for sources published between 2024 and 2026 regarding the severity of the problem."", ""prerequisites"": []}, {""id"": 8, ""description"": ""Select three relevant sources from the search results."", ""prerequisites"": [7]}, {""id"": 9, ""description"": ""Extract key evidence or statistics from the three selected sources to justify problem severity."", ""prerequisites"": [8]}, {""id"": 10, ""description"": ""Draft new sentences incorporating the extracted evidence into the problem statement section."", ""prerequisites"": [9]}, {""id"": 11, ""description"": ""Insert the new sentences and their corresponding citations into the Introduction draft."", ""prerequisites"": [10]}]}",,,,,
R017,S3-P5,I am writing the scope and limitations section for our research paper on peer pressure and risk-taking behavior among adolescents. We will only have high school students from our partner schools as participants. Another limitation is that we are not measuring long-term behavioral outcomes beyond the school year. Create microtasks that I can accomplish procedurally to complete this section of the paper.,"{""microtasks"": [{""id"": 1, ""description"": ""Draft the scope paragraph defining the participant demographics, focusing specifically on high school students from the selected partner schools."", ""prerequisites"": []}, {""id"": 2, ""description"": ""Draft the limitation paragraph explaining the generalizability constraints of using only partner schools as the sample source."", ""prerequisites"": []}, {""id"": 3, ""description"": ""Draft the limitation paragraph addressing the temporal constraint of not measuring long-term behavioral outcomes beyond the current school year."", ""prerequisites"": []}, {""id"": 4, ""description"": ""Synthesize the drafted scope and limitation paragraphs into a single, cohesive section with appropriate transitional phrasing."", ""prerequisites"": [1, 2, 3]}, {""id"": 5, ""description"": ""Review and edit the completed Scope and Limitations section for academic tone, clarity, and alignment with the overall research paper."", ""prerequisites"": [4]}]}",,,,,
R018,S3-P7,I have to write something about procrastination and self-regulation in college students for my research paper but I'm not sure what part to focus on yet. Help me figure out what to do next.,"{""microtasks"": [{""id"": 1, ""description"": ""Search academic databases for 'procrastination' and 'self-regulation' in college students."", ""prerequisites"": []}, {""id"": 2, ""description"": ""Read abstracts of the top 10 most relevant search results."", ""prerequisites"": [1]}, {""id"": 3, ""description"": ""List three potential research sub-topics or gaps identified from the abstracts."", ""prerequisites"": [2]}, {""id"": 4, ""description"": ""Select one sub-topic to serve as the primary focus."", ""prerequisites"": [3]}, {""id"": 5, ""description"": ""Formulate a specific research question for the chosen sub-topic."", ""prerequisites"": [4]}, {""id"": 6, ""description"": ""Search for peer-reviewed articles that specifically address the research question."", ""prerequisites"": [5]}, {""id"": 7, ""description"": ""Summarize the key findings of the 3-5 most relevant articles found."", ""prerequisites"": [6]}, {""id"": 8, ""description"": ""Draft a working thesis statement."", ""prerequisites"": [7]}, {""id"": 9, ""description"": ""Create a formal outline for the paper."", ""prerequisites"": [8]}]}",,,,,
R019,S3-P5,I am writing the scope and limitations section for our research paper on peer pressure and risk-taking behavior among adolescents. We will only have high school students from our partner schools as participants. Another limitation is that we are not measuring long-term behavioral outcomes beyond the school year. Create microtasks that I can accomplish procedurally to complete this section of the paper.,"{
  ""microtasks"": [
    {
      ""id"": 1,
      ""description"": ""Draft an introductory sentence for the 'Scope and Limitations' section."",
      ""prerequisites"": []
    },
    {
      ""id"": 2,
      ""description"": ""Draft a statement specifying the participant population (high school students from partner schools) as part of the study's scope."",
      ""prerequisites"": []
    },
    {
      ""id"": 3,
      ""description"": ""Draft a statement specifying the time frame of the study (within the school year) as part of the study's scope."",
      ""prerequisites"": []
    },
    {
      ""id"": 4,
      ""description"": ""Combine the statements on participant population (ID 2) and time frame (ID 3) into a coherent paragraph defining the study's scope."",
      ""prerequisites"": [
        2,
        3
      ]
    },
    {
      ""id"": 5,
      ""description"": ""Draft a statement identifying the limited participant population (high school students from partner schools) as a limitation."",
      ""prerequisites"": []
    },
    {
      ""id"": 6,
      ""description"": ""Draft a statement explaining the implication of the limited participant population (ID 5) on the generalizability of findings."",
      ""prerequisites"": [
        5
      ]
    },
    {
      ""id"": 7,
      ""description"": ""Draft a statement identifying the limited time frame for outcome measurement (not beyond the school year) as a limitation."",
      ""prerequisites"": []
    },
    {
      ""id"": 8,
      ""description"": ""Draft a statement explaining the implication of the limited time frame (ID 7) on assessing long-term behavioral outcomes."",
      ""prerequisites"": [
        7
      ]
    },
    {
      ""id"": 9,
      ""description"": ""Organize the limitation statements (ID 5, ID 7) and their implications (ID 6, ID 8) into one or more coherent paragraphs."",
      ""prerequisites"": [
        6,
        8
      ]
    },
    {
      ""id"": 10,
      ""description"": ""Write a concluding sentence or paragraph for the 'Scope and Limitations' section, potentially suggesting future research directions."",
      ""prerequisites"": []
    },
    {
      ""id"": 11,
      ""description"": ""Assemble the introductory sentence (ID 1), scope paragraph (ID 4), limitation paragraphs (ID 9), and concluding statement (ID 10) into a complete 'Scope and Limitations' section."",
      ""prerequisites"": [
        1,
        4,
        9,
        10
      ]
    },
    {
      ""id"": 12,
      ""description"": ""Review the entire 'Scope and Limitations' section (ID 11) for clarity, conciseness, flow, and academic tone."",
      ""prerequisites"": [
        11
      ]
    },
    {
      ""id"": 13,
      ""description"": ""Check the 'Scope and Limitations' section (ID 12) for consistency with the Introduction and Methodology sections of the paper."",
      ""prerequisites"": [
        12
      ]
    }
  ]
}",,,,,
R020,S3-P8,"I need to write the Results and Discussion chapter for a research paper on group conformity in decision-making among university students. We ran a controlled group experiment with 80 participants and found that individuals were significantly more likely to change their answer when exposed to unanimous incorrect group responses, along with several recurring themes from follow-up interviews about social pressure. Break this down into microtasks for presenting the quantitative results, discussing the qualitative themes, and connecting both back to the research questions, noting which microtasks depend on others and which can be worked on independently.","{
  ""microtasks"": [
    {
      ""id"": 1,
      ""description"": ""Create a preliminary outline for the 'Results and Discussion' chapter, including main headings and subheadings."",
      ""prerequisites"": []
    },
    {
      ""id"": 2,
      ""description"": ""Prepare all necessary tables and figures (e.g., descriptive statistics, inferential test results) for the quantitative results section."",
      ""prerequisites"": []
    },
    {
      ""id"": 3,
      ""description"": ""Review interview transcripts or notes to identify and consolidate recurring qualitative themes related to social pressure."",
      ""prerequisites"": []
    },
    {
      ""id"": 4,
      ""description"": ""Select compelling and representative quotes from the interviews to illustrate each identified qualitative theme."",
      ""prerequisites"": [
        3
      ]
    },
    {
      ""id"": 5,
      ""description"": ""Draft an introductory paragraph for the quantitative results section, briefly stating what findings will be presented."",
      ""prerequisites"": [
        1
      ]
    },
    {
      ""id"": 6,
      ""description"": ""Write paragraphs presenting the descriptive statistics of the participant sample and initial responses."",
      ""prerequisites"": [
        2,
        5
      ]
    },
    {
      ""id"": 7,
      ""description"": ""Write paragraphs detailing the inferential statistical analysis, focusing on the significant likelihood of answer change when exposed to unanimous incorrect group responses."",
      ""prerequisites"": [
        2,
        6
      ]
    },
    {
      ""id"": 8,
      ""description"": ""Write a brief summary paragraph for the quantitative results section, reiterating the key findings."",
      ""prerequisites"": [
        7
      ]
    },
    {
      ""id"": 9,
      ""description"": ""Draft an introductory paragraph for the qualitative results section, explaining the method of analysis and what themes will be presented."",
      ""prerequisites"": [
        1
      ]
    },
    {
      ""id"": 10,
      ""description"": ""Describe the first recurring qualitative theme identified from the interviews, supported by selected quotes."",
      ""prerequisites"": [
        4,
        9
      ]
    },
    {
      ""id"": 11,
      ""description"": ""Describe the second recurring qualitative theme identified from the interviews, supported by selected quotes."",
      ""prerequisites"": [
        4,
        10
      ]
    },
    {
      ""id"": 12,
      ""description"": ""Describe the third recurring qualitative theme identified from the interviews, supported by selected quotes."",
      ""prerequisites"": [
        4,
        11
      ]
    },
    {
      ""id"": 13,
      ""description"": ""Write a brief summary paragraph for the qualitative results section, reiterating the key themes."",
      ""prerequisites"": [
        12
      ]
    },
    {
      ""id"": 14,
      ""description"": ""Draft an introductory paragraph for the Discussion section, briefly restating the main purpose of the study and previewing the discussion points."",
      ""prerequisites"": [
        8,
        13
      ]
    },
    {
      ""id"": 15,
      ""description"": ""Discuss the quantitative findings, interpreting their meaning in the context of group conformity and relating them back to the research questions."",
      ""prerequisites"": [
        8,
        14
      ]
    },
    {
      ""id"": 16,
      ""description"": ""Discuss the qualitative findings, interpreting their implications for understanding social pressure and relating them back to the research questions."",
      ""prerequisites"": [
        13,
        14
      ]
    },
    {
      ""id"": 17,
      ""description"": ""Integrate the quantitative and qualitative findings, discussing how they complement, explain, or contrast with each other."",
      ""prerequisites"": [
        15,
        16
      ]
    },
    {
      ""id"": 18,
      ""description"": ""Identify and discuss the limitations of the study (e.g., sample size, specific context, experimental design)."",
      ""prerequisites"": [
        17
      ]
    },
    {
      ""id"": 19,
      ""description"": ""Propose directions for future research based on the study's findings and limitations."",
      ""prerequisites"": [
        18
      ]
    },
    {
      ""id"": 20,
      ""description"": ""Write a concluding paragraph for the entire 'Results and Discussion' chapter, summarizing the main contributions and broader implications."",
      ""prerequisites"": [
        19
      ]
    },
    {
      ""id"": 21,
      ""description"": ""Review the entire 'Results and Discussion' chapter for overall coherence, logical flow, and smooth transitions between sections."",
      ""prerequisites"": [
        20
      ]
    },
    {
      ""id"": 22,
      ""description"": ""Check for consistency in terminology, formatting, and citation style throughout the chapter."",
      ""prerequisites"": [
        21
      ]
    },
    {
      ""id"": 23,
      ""description"": ""Proofread the chapter for grammar, spelling, punctuation, and typographical errors."",
      ""prerequisites"": [
        22
      ]
    }
  ]
}",,,,,
R021,S3-P7,I have to write something about procrastination and self-regulation in college students for my research paper but I'm not sure what part to focus on yet. Help me figure out what to do next.,"{
  ""microtasks"": [
    {
      ""id"": 1,
      ""description"": ""Define 'procrastination' in an academic context, noting key characteristics and common theoretical perspectives."",
      ""prerequisites"": []
    },
    {
      ""id"": 2,
      ""description"": ""Define 'self-regulation' in an academic context, noting key components and common theoretical perspectives."",
      ""prerequisites"": []
    },
    {
      ""id"": 3,
      ""description"": ""Conduct a preliminary search for review articles or meta-analyses on 'procrastination in college students' using academic databases."",
      ""prerequisites"": []
    },
    {
      ""id"": 4,
      ""description"": ""Conduct a preliminary search for review articles or meta-analyses on 'self-regulation in college students' using academic databases."",
      ""prerequisites"": []
    },
    {
      ""id"": 5,
      ""description"": ""Conduct a preliminary search for review articles or meta-analyses specifically linking 'procrastination and self-regulation in college students' using academic databases."",
      ""prerequisites"": []
    },
    {
      ""id"": 6,
      ""description"": ""Read the abstracts of 5-10 highly cited or relevant papers identified in task 3."",
      ""prerequisites"": [
        3
      ]
    },
    {
      ""id"": 7,
      ""description"": ""Read the abstracts of 5-10 highly cited or relevant papers identified in task 4."",
      ""prerequisites"": [
        4
      ]
    },
    {
      ""id"": 8,
      ""description"": ""Read the abstracts of 5-10 highly cited or relevant papers identified in task 5."",
      ""prerequisites"": [
        5
      ]
    },
    {
      ""id"": 9,
      ""description"": ""Summarize the key definitions and theoretical frameworks for 'procrastination' found in tasks 1, 6, and 8."",
      ""prerequisites"": [
        1,
        6,
        8
      ]
    },
    {
      ""id"": 10,
      ""description"": ""Summarize the key definitions and theoretical frameworks for 'self-regulation' found in tasks 2, 7, and 8."",
      ""prerequisites"": [
        2,
        7,
        8
      ]
    },
    {
      ""id"": 11,
      ""description"": ""Identify common themes, major findings, and prevailing theories regarding procrastination in college students from the initial literature review (tasks 6 and 8)."",
      ""prerequisites"": [
        6,
        8
      ]
    },
    {
      ""id"": 12,
      ""description"": ""Identify common themes, major findings, and prevailing theories regarding self-regulation in college students from the initial literature review (tasks 7 and 8)."",
      ""prerequisites"": [
        7,
        8
      ]
    },
    {
      ""id"": 13,
      ""description"": ""Identify common themes, major findings, and prevailing theories regarding the relationship between procrastination and self-regulation in college students from the initial literature review (task 8)."",
      ""prerequisites"": [
        8
      ]
    },
    {
      ""id"": 14,
      ""description"": ""List 3-5 potential specific research angles or sub-topics within 'procrastination and self-regulation in college students' that appear interesting or underexplored based on the summaries from tasks 9-13."",
      ""prerequisites"": [
        9,
        10,
        11,
        12,
        13
      ]
    },
    {
      ""id"": 15,
      ""description"": ""Select the most promising research angle or sub-topic from the list generated in task 14, considering feasibility and personal interest."",
      ""prerequisites"": [
        14
      ]
    },
    {
      ""id"": 16,
      ""description"": ""Draft 2-3 potential research questions or a preliminary hypothesis based on the selected research angle from task 15."",
      ""prerequisites"": [
        15
      ]
    },
    {
      ""id"": 17,
      ""description"": ""Create a preliminary outline for the paper, including potential sections like Introduction, Literature Review (with sub-sections), and a brief statement of the paper's focus, based on the drafted research questions/hypothesis from task 16."",
      ""prerequisites"": [
        16
      ]
    }
  ]
}",,,,,
R022,S3-P3,"I need to write the Significance of the Study section for a research paper on sleep deprivation and academic performance among undergraduate students. The section needs to address significance to the academic community, to university administrators, and to student health services. Give me the most granular breakdown of microtasks possible for writing this section.","{
  ""microtasks"": [
    {
      ""id"": 1,
      ""description"": ""Review the research paper's Introduction section to recall the problem statement and research questions."",
      ""prerequisites"": []
    },
    {
      ""id"": 2,
      ""description"": ""Review the research paper's Literature Review section to identify existing gaps in knowledge related to sleep deprivation and academic performance."",
      ""prerequisites"": []
    },
    {
      ""id"": 3,
      ""description"": ""Review the research paper's Methodology section to understand the study's design, scope, and expected findings."",
      ""prerequisites"": []
    },
    {
      ""id"": 4,
      ""description"": ""Summarize the core problem investigated by the study (sleep deprivation affecting academic performance among undergraduates)."",
      ""prerequisites"": [
        1,
        2
      ]
    },
    {
      ""id"": 5,
      ""description"": ""Summarize the main contribution or gap the study aims to fill based on the literature review and problem statement."",
      ""prerequisites"": [
        2,
        4
      ]
    },
    {
      ""id"": 6,
      ""description"": ""Brainstorm specific ways the study's findings could advance theoretical understanding in relevant academic fields (e.g., educational psychology, sleep science)."",
      ""prerequisites"": [
        2,
        4,
        5
      ]
    },
    {
      ""id"": 7,
      ""description"": ""Brainstorm specific ways the study's findings could inform future research directions or methodologies."",
      ""prerequisites"": [
        2,
        4,
        5
      ]
    },
    {
      ""id"": 8,
      ""description"": ""Outline key points for the 'Significance to the Academic Community' subsection."",
      ""prerequisites"": [
        6,
        7
      ]
    },
    {
      ""id"": 9,
      ""description"": ""Brainstorm specific ways the study's findings could inform university policies or practices related to student life and academics."",
      ""prerequisites"": [
        4,
        5
      ]
    },
    {
      ""id"": 10,
      ""description"": ""Brainstorm specific ways the study's findings could impact resource allocation or program development for student support services."",
      ""prerequisites"": [
        4,
        5
      ]
    },
    {
      ""id"": 11,
      ""description"": ""Outline key points for the 'Significance to University Administrators' subsection."",
      ""prerequisites"": [
        9,
        10
      ]
    },
    {
      ""id"": 12,
      ""description"": ""Brainstorm specific ways the study's findings could inform the development of health promotion programs or interventions for students."",
      ""prerequisites"": [
        4,
        5
      ]
    },
    {
      ""id"": 13,
      ""description"": ""Brainstorm specific ways the study's findings could assist student health services in identifying and supporting at-risk students."",
      ""prerequisites"": [
        4,
        5
      ]
    },
    {
      ""id"": 14,
      ""description"": ""Outline key points for the 'Significance to Student Health Services' subsection."",
      ""prerequisites"": [
        12,
        13
      ]
    },
    {
      ""id"": 15,
      ""description"": ""Draft the introductory sentence(s) for the 'Significance of the Study' section, stating its overall purpose."",
      ""prerequisites"": [
        4,
        5
      ]
    },
    {
      ""id"": 16,
      ""description"": ""Draft the 'Significance to the Academic Community' subsection based on its outline."",
      ""prerequisites"": [
        8
      ]
    },
    {
      ""id"": 17,
      ""description"": ""Draft the 'Significance to University Administrators' subsection based on its outline."",
      ""prerequisites"": [
        11
      ]
    },
    {
      ""id"": 18,
      ""description"": ""Draft the 'Significance to Student Health Services' subsection based on its outline."",
      ""prerequisites"": [
        14
      ]
    },
    {
      ""id"": 19,
      ""description"": ""Draft a concluding sentence(s) for the 'Significance of the Study' section, summarizing its overall impact."",
      ""prerequisites"": [
        15,
        16,
        17,
        18
      ]
    },
    {
      ""id"": 20,
      ""description"": ""Read through the entire 'Significance of the Study' section for overall coherence, logical flow, and smooth transitions."",
      ""prerequisites"": [
        16,
        17,
        18,
        19
      ]
    },
    {
      ""id"": 21,
      ""description"": ""Verify that all three required areas of significance (academic community, university administrators, student health services) are adequately addressed."",
      ""prerequisites"": [
        20
      ]
    },
    {
      ""id"": 22,
      ""description"": ""Ensure the language is formal, clear, concise, and directly links back to the study's objectives and findings/expected findings."",
      ""prerequisites"": [
        21
      ]
    },
    {
      ""id"": 23,
      ""description"": ""Proofread the entire section for grammar, spelling, punctuation, and typographical errors."",
      ""prerequisites"": [
        22
      ]
    }
  ]
}",,,,,
R023,S3-P4,"I am tasked with writing the methodology section for a research paper on the effects of social media on teenagers, in which we will be surveying and interviewing undergraduate students within our college. Break this down into microtasks that are simple to understand and initiate, noting which microtasks depend on others and which can be worked on independently.","{
  ""microtasks"": [
    {
      ""id"": 1,
      ""description"": ""Write the overview of the research design, explaining the choice of a mixed-methods (survey and interview) approach."",
      ""prerequisites"": []
    },
    {
      ""id"": 2,
      ""description"": ""Describe the target population (undergraduate students) and the specific college setting where the study takes place."",
      ""prerequisites"": []
    },
    {
      ""id"": 3,
      ""description"": ""Draft the description of the survey instrument, including the types of questions, scales used, and variables measured."",
      ""prerequisites"": [1]
    },
    {
      ""id"": 4,
      ""description"": ""Detail the sampling strategy and recruitment process for the survey participants."",
      ""prerequisites"": [2]
    },
    {
      ""id"": 5,
      ""description"": ""Describe the step-by-step data collection procedure for the survey (e.g., online platform, distribution timeline)."",
      ""prerequisites"": [3, 4]
    },
    {
      ""id"": 6,
      ""description"": ""Outline the statistical analysis plan for the survey data, specifying any software and statistical tests to be used."",
      ""prerequisites"": [3]
    },
    {
      ""id"": 7,
      ""description"": ""Draft the description of the semi-structured interview protocol, including key themes and sample questions."",
      ""prerequisites"": [1]
    },
    {
      ""id"": 8,
      ""description"": ""Detail the selection criteria and recruitment process for the interview participants."",
      ""prerequisites"": [2]
    },
    {
      ""id"": 9,
      ""description"": ""Describe the interview data collection procedure, including recording, transcription, and setting."",
      ""prerequisites"": [7, 8]
    },
    {
      ""id"": 10,
      ""description"": ""Outline the qualitative analysis plan for the interview transcripts, specifying the coding method (e.g., thematic analysis)."",
      ""prerequisites"": [7]
    },
    {
      ""id"": 11,
      ""description"": ""Write the ethical considerations section, covering informed consent, participant anonymity, and institutional review board (IRB) approval."",
      ""prerequisites"": []
    },
    {
      ""id"": 12,
      ""description"": ""Describe how the quantitative (survey) and qualitative (interview) findings will be integrated or triangulated in the study."",
      ""prerequisites"": [6, 10]
    },
    {
      ""id"": 13,
      ""description"": ""Draft the introductory subsection of the methodology, combining the research design and participant context."",
      ""prerequisites"": [1, 2]
    },
    {
      ""id"": 14,
      ""description"": ""Draft the quantitative methodology subsection, combining the survey instrument, recruitment, collection, and analysis details."",
      ""prerequisites"": [5, 6]
    },
    {
      ""id"": 15,
      ""description"": ""Draft the qualitative methodology subsection, combining the interview protocol, recruitment, collection, and analysis details."",
      ""prerequisites"": [9, 10]
    },
    {
      ""id"": 16,
      ""description"": ""Draft the final subsections covering ethical considerations and data integration."",
      ""prerequisites"": [11, 12]
    },
    {
      ""id"": 17,
      ""description"": ""Review, edit, and format the entire methodology section for flow, academic tone, and consistency."",
      ""prerequisites"": [13, 14, 15, 16]
    }
  ]
}",,,,,
R024,S3-P10,"I just got my draft of the Introduction chapter back from my thesis adviser, and I am overwhelmed by the required revisions. The adviser left three main comments: 1) The research gap is not clearly explicitly stated, 2) The transition between the background context and the problem statement is abrupt and confusing, and 3) I need to incorporate at least three more recent sources (published between 2024-2026) to justify the severity of the problem. Break this revision process down into actionable microtasks so I can tackle these edits without panicking, noting which microtasks depend on others and which can be worked on independently.","{""microtasks"": [{""id"": 1, ""description"": ""Read the current Introduction draft and highlight the existing research gap statement."", ""prerequisites"": []}, {""id"": 2, ""description"": ""Analyze the adviser's comment and refine the research gap based on literature and your own analysis."", ""prerequisites"": [1]}, {""id"": 3, ""description"": ""Draft a clear, explicit research gap statement that directly addresses the adviser's concern."", ""prerequisites"": [2]}, {""id"": 4, ""description"": ""Search the library database for scholarly articles published between 2024 and 2026 that discuss the problem's severity."", ""prerequisites"": []}, {""id"": 5, ""description"": ""Screen the search results and select three recent sources that best justify the problem's severity."", ""prerequisites"": [4]}, {""id"": 6, ""description"": ""Extract and summarize the key data or arguments from each selected source relevant to the problem."", ""prerequisites"": [5]}, {""id"": 7, ""description"": ""Insert the summarized findings from the three recent sources into the appropriate section of the introduction."", ""prerequisites"": [6]}, {""id"": 8, ""description"": ""Rewrite the transition paragraph between background context and problem statement to create a smoother logical flow."", ""prerequisites"": [3]}, {""id"": 9, ""description"": ""Revise the problem statement to incorporate the new sources and ensure it follows the improved transition."", ""prerequisites"": [7, 8]}, {""id"": 10, ""description"": ""Perform a final read‑through of the revised Introduction to verify that the research gap, transition, and recent sources are all addressed."", ""prerequisites"": [9]}]}",,,,,
R025,S3-P1,I need to write the Background of the Study section for a research paper on the effects of social media use on teenagers. The paper argues that excessive social media use is linked to increased anxiety and lower self-esteem among teenagers. Break this down into microtasks I can start working on immediately.,"{""microtasks"": [{""id"": 1, ""description"": ""Define key terms (social media use, anxiety, self-esteem, teenagers) to establish the scope of the study."", ""prerequisites"": []}, {""id"": 2, ""description"": ""Gather statistics on current teenage social media usage rates."", ""prerequisites"": []}, {""id"": 3, ""description"": ""Collect academic studies linking social media use to anxiety in adolescents."", ""prerequisites"": []}, {""id"": 4, ""description"": ""Collect academic studies linking social media use to self-esteem in adolescents."", ""prerequisites"": []}, {""id"": 5, ""description"": ""Identify specific gaps in existing literature regarding the intersection of social media, anxiety, and self-esteem."", ""prerequisites"": [3, 4]}, {""id"": 6, ""description"": ""Create a structural outline for the Background section (Context -> Problem -> Gap -> Aim)."", ""prerequisites"": [1, 2, 5]}, {""id"": 7, ""description"": ""Draft the introductory paragraph regarding the prevalence and context of social media use."", ""prerequisites"": [2, 6]}, {""id"": 8, ""description"": ""Draft the paragraph discussing the correlation between social media and anxiety."", ""prerequisites"": [3, 6]}, {""id"": 9, ""description"": ""Draft the paragraph discussing the correlation between social media and self-esteem."", ""prerequisites"": [4, 6]}, {""id"": 10, ""description"": ""Draft the paragraph identifying the research gap and the necessity of the current study."", ""prerequisites"": [5, 6]}, {""id"": 11, ""description"": ""Draft the concluding paragraph stating the study's purpose and objectives."", ""prerequisites"": [10]}, {""id"": 12, ""description"": ""Review the full draft for logical flow and smooth transitions between paragraphs."", ""prerequisites"": [7, 8, 9, 11]}, {""id"": 13, ""description"": ""Verify all in-text citations against the reference list for accuracy."", ""prerequisites"": [12]}]}",,,,,
R026,S3-P1,I need to write the Background of the Study section for a research paper on the effects of social media use on teenagers. The paper argues that excessive social media use is linked to increased anxiety and lower self-esteem among teenagers. Break this down into microtasks I can start working on immediately.,"{
  ""microtasks"": [
    {
      ""id"": 1,
      ""description"": ""Understand the purpose and scope of the 'Background of the Study' section for a research paper."",
      ""prerequisites"": []
    },
    {
      ""id"": 2,
      ""description"": ""Identify key terms for literature search related to social media, teenagers, anxiety, self-esteem, and excessive use."",
      ""prerequisites"": []
    },
    {
      ""id"": 3,
      ""description"": ""Conduct a preliminary literature search on the prevalence and general patterns of social media use among teenagers."",
      ""prerequisites"": []
    },
    {
      ""id"": 4,
      ""description"": ""Conduct a preliminary literature search on the general impact of social media on teenagers' well-being."",
      ""prerequisites"": []
    },
    {
      ""id"": 5,
      ""description"": ""Conduct a preliminary literature search specifically on the link between social media use and anxiety in teenagers."",
      ""prerequisites"": []
    },
    {
      ""id"": 6,
      ""description"": ""Conduct a preliminary literature search specifically on the link between social media use and self-esteem in teenagers."",
      ""prerequisites"": []
    },
    {
      ""id"": 7,
      ""description"": ""Conduct a preliminary literature search for definitions or conceptualizations of 'excessive social media use' in the context of teenagers."",
      ""prerequisites"": []
    },
    {
      ""id"": 8,
      ""description"": ""Create a high-level outline for the 'Background of the Study' section, including main topics and their logical flow."",
      ""prerequisites"": [
        1
      ]
    },
    {
      ""id"": 9,
      ""description"": ""Draft an opening paragraph introducing social media and its widespread adoption among teenagers."",
      ""prerequisites"": [
        3
      ]
    },
    {
      ""id"": 10,
      ""description"": ""Draft a paragraph describing the general context of social media use among teenagers, including common platforms and usage patterns."",
      ""prerequisites"": [
        3
      ]
    },
    {
      ""id"": 11,
      ""description"": ""Draft a paragraph defining or contextualizing 'excessive social media use' based on literature."",
      ""prerequisites"": [
        7
      ]
    },
    {
      ""id"": 12,
      ""description"": ""Draft a paragraph introducing the emerging concerns about social media's potential negative impacts on adolescent mental health."",
      ""prerequisites"": [
        4
      ]
    },
    {
      ""id"": 13,
      ""description"": ""Draft a paragraph specifically introducing anxiety as a concern related to social media use among teenagers, integrating initial findings."",
      ""prerequisites"": [
        5,
        12
      ]
    },
    {
      ""id"": 14,
      ""description"": ""Draft a paragraph specifically introducing lower self-esteem as a concern related to social media use among teenagers, integrating initial findings."",
      ""prerequisites"": [
        6,
        12
      ]
    },
    {
      ""id"": 15,
      ""description"": ""Draft a paragraph synthesizing the existing literature on social media and anxiety, highlighting key findings and unresolved questions."",
      ""prerequisites"": [
        13
      ]
    },
    {
      ""id"": 16,
      ""description"": ""Draft a paragraph synthesizing the existing literature on social media and self-esteem, highlighting key findings and unresolved questions."",
      ""prerequisites"": [
        14
      ]
    },
    {
      ""id"": 17,
      ""description"": ""Draft a paragraph that connects the synthesized literature to the specific argument of the paper (excessive use, anxiety, self-esteem), setting up the need for the current study."",
      ""prerequisites"": [
        11,
        15,
        16
      ]
    },
    {
      ""id"": 18,
      ""description"": ""Review the entire 'Background of the Study' section for overall coherence, logical flow, and clarity."",
      ""prerequisites"": [
        9,
        10,
        17
      ]
    },
    {
      ""id"": 19,
      ""description"": ""Check that all claims are supported by evidence and properly cited."",
      ""prerequisites"": [
        18
      ]
    },
    {
      ""id"": 20,
      ""description"": ""Proofread the section for grammar, spelling, punctuation, and formatting errors."",
      ""prerequisites"": [
        19
      ]
    }
  ]
}",,,,,
R027,S3-P8,"I need to write the Results and Discussion chapter for a research paper on group conformity in decision-making among university students. We ran a controlled group experiment with 80 participants and found that individuals were significantly more likely to change their answer when exposed to unanimous incorrect group responses, along with several recurring themes from follow-up interviews about social pressure. Break this down into microtasks for presenting the quantitative results, discussing the qualitative themes, and connecting both back to the research questions, noting which microtasks depend on others and which can be worked on independently.","{""microtasks"": [{""id"": 1, ""description"": ""Draft the descriptive statistics section summarizing the demographics and baseline characteristics of the 80 university student participants."", ""prerequisites"": []}, {""id"": 2, ""description"": ""Create a table or chart comparing conformity rates between the control condition and the experimental condition (exposure to unanimous incorrect responses)."", ""prerequisites"": []}, {""id"": 3, ""description"": ""Write the narrative text presenting the quantitative experimental results, detailing the statistical significance of participants changing their answers."", ""prerequisites"": [2]}, {""id"": 4, ""description"": ""Outline the recurring qualitative themes related to social pressure extracted from the follow-up interviews."", ""prerequisites"": []}, {""id"": 5, ""description"": ""Select and format illustrative participant quotes that support each identified qualitative theme of social pressure."", ""prerequisites"": [4]}, {""id"": 6, ""description"": ""Write the narrative text presenting the qualitative findings, integrating the themes with the selected participant quotes."", ""prerequisites"": [5]}, {""id"": 7, ""description"": ""Draft the synthesis section, explaining how the qualitative themes of social pressure contextualize and explain the quantitative experimental conformity rates."", ""prerequisites"": [3, 6]}, {""id"": 8, ""description"": ""Write the discussion section connecting the synthesized findings directly back to the study's primary research questions."", ""prerequisites"": [7]}, {""id"": 9, ""description"": ""Situate the findings within existing literature, comparing the results to classic and contemporary studies on group conformity."", ""prerequisites"": [8]}, {""id"": 10, ""description"": ""Draft the study limitations (such as the sample size of 80 and the university student demographic) and propose specific avenues for future research."", ""prerequisites"": [8]}, {""id"": 11, ""description"": ""Write the concluding summary for the Results and Discussion chapter, highlighting the key takeaways of the study."", ""prerequisites"": [9, 10]}]}",,,,,
R028,S3-P7,I have to write something about procrastination and self-regulation in college students for my research paper but I'm not sure what part to focus on yet. Help me figure out what to do next.,"{""microtasks"": [{""id"": 1, ""description"": ""Search academic databases for 'procrastination' and 'self-regulation' in college students."", ""prerequisites"": []}, {""id"": 2, ""description"": ""Read abstracts of the top 10 most relevant search results."", ""prerequisites"": [1]}, {""id"": 3, ""description"": ""List three potential research sub-topics or gaps identified from the abstracts."", ""prerequisites"": [2]}, {""id"": 4, ""description"": ""Select one sub-topic to serve as the primary focus."", ""prerequisites"": [3]}, {""id"": 5, ""description"": ""Formulate a specific research question for the chosen sub-topic."", ""prerequisites"": [4]}, {""id"": 6, ""description"": ""Search for peer-reviewed articles that specifically address the research question."", ""prerequisites"": [5]}, {""id"": 7, ""description"": ""Summarize the key findings of the 3-5 most relevant articles found."", ""prerequisites"": [6]}, {""id"": 8, ""description"": ""Draft a working thesis statement."", ""prerequisites"": [7]}, {""id"": 9, ""description"": ""Create a formal outline for the paper."", ""prerequisites"": [8]}]}",,,,,
R029,S3-P8,"I need to write the Results and Discussion chapter for a research paper on group conformity in decision-making among university students. We ran a controlled group experiment with 80 participants and found that individuals were significantly more likely to change their answer when exposed to unanimous incorrect group responses, along with several recurring themes from follow-up interviews about social pressure. Break this down into microtasks for presenting the quantitative results, discussing the qualitative themes, and connecting both back to the research questions, noting which microtasks depend on others and which can be worked on independently.","{
  ""microtasks"": [
    {
      ""id"": 1,
      ""description"": ""Compile and format descriptive statistics (e.g., conformity rates, frequencies) from the N=80 experimental data."",
      ""prerequisites"": []
    },
    {
      ""id"": 2,
      ""description"": ""Perform and document the inferential statistical tests demonstrating the significance of answer changes when participants were exposed to unanimous incorrect group responses."",
      ""prerequisites"": [1]
    },
    {
      ""id"": 3,
      ""description"": ""Draft the quantitative results section, incorporating the statistical outputs, tables, and figures representing the experimental findings."",
      ""prerequisites"": [2]
    },
    {
      ""id"": 4,
      ""description"": ""Analyze and organize the qualitative interview data into distinct thematic categories representing different aspects of social pressure."",
      ""prerequisites"": []
    },
    {
      ""id"": 5,
      ""description"": ""Draft the qualitative results section, describing the recurring themes of social pressure and embedding illustrative participant quotes."",
      ""prerequisites"": [4]
    },
    {
      ""id"": 6,
      ""description"": ""Write the synthesis section that integrates the quantitative findings (the rate of conformity) with the qualitative findings (the experienced social pressure)."",
      ""prerequisites"": [3, 5]
    },
    {
      ""id"": 7,
      ""description"": ""Draft the discussion section comparing the integrated findings to established conformity literature and theoretical frameworks (e.g., normative and informational social influence)."",
      ""prerequisites"": [6]
    },
    {
      ""id"": 8,
      ""description"": ""Draft the section that explicitly addresses and answers the study's primary research questions using the integrated results."",
      ""prerequisites"": [6]
    },
    {
      ""id"": 9,
      ""description"": ""Write the study limitations (e.g., sample size of 80, university student demographic) and suggest specific avenues for future research."",
      ""prerequisites"": [7, 8]
    },
    {
      ""id"": 10,
      ""description"": ""Write the concluding summary for the Results and Discussion chapter."",
      ""prerequisites"": [9]
    },
    {
      ""id"": 11,
      ""description"": ""Review and edit the entire Results and Discussion chapter for academic tone, clarity, and smooth transitions between the quantitative and qualitative sections."",
      ""prerequisites"": [10]
    }
  ]
}",,,,,
R030,S3-P10,"I just got my draft of the Introduction chapter back from my thesis adviser, and I am overwhelmed by the required revisions. The adviser left three main comments: 1) The research gap is not clearly explicitly stated, 2) The transition between the background context and the problem statement is abrupt and confusing, and 3) I need to incorporate at least three more recent sources (published between 2024-2026) to justify the severity of the problem. Break this revision process down into actionable microtasks so I can tackle these edits without panicking, noting which microtasks depend on others and which can be worked on independently.","{""microtasks"": [{""id"": 1, ""description"": ""Read and highlight the current Introduction draft to identify the existing research gap."", ""prerequisites"": []}, {""id"": 2, ""description"": ""Write a clear, explicit research gap statement based on the highlighted points."", ""prerequisites"": [1]}, {""id"": 3, ""description"": ""Search the library database for scholarly articles published between 2024-2026 that address the problem's severity."", ""prerequisites"": []}, {""id"": 4, ""description"": ""Evaluate each found article for relevance and quality, selecting three that best support the problem's severity."", ""prerequisites"": [3]}, {""id"": 5, ""description"": ""Draft a concise summary of the key findings from the three selected recent sources."", ""prerequisites"": [4]}, {""id"": 6, ""description"": ""Review the existing background context section to pinpoint where the transition to the problem statement feels abrupt."", ""prerequisites"": [1]}, {""id"": 7, ""description"": ""Draft a revised transition paragraph that smoothly connects the background context to the problem statement, incorporating the research gap."", ""prerequisites"": [2, 6]}, {""id"": 8, ""description"": ""Revise the problem statement to clearly articulate the issue, aligning it with the research gap, the transition, and the summarized recent sources."", ""prerequisites"": [2, 7, 5]}, {""id"": 9, ""description"": ""Combine the revised background, transition, and problem statement into a cohesive Introduction paragraph."", ""prerequisites"": [7, 8]}, {""id"": 10, ""description"": ""Proofread the revised Introduction for coherence, citation consistency, and grammatical accuracy."", ""prerequisites"": [9]}]}",,,,,
R031,S3-P4,"I am tasked with writing the methodology section for a research paper on the effects of social media on teenagers, in which we will be surveying and interviewing undergraduate students within our college. Break this down into microtasks that are simple to understand and initiate, noting which microtasks depend on others and which can be worked on independently.","{
  ""microtasks"": [
    {
      ""id"": 1,
      ""description"": ""Define the overall research design, specifying and justifying the mixed-methods approach."",
      ""prerequisites"": []
    },
    {
      ""id"": 2,
      ""description"": ""Define the target population (undergraduate students) and the sampling strategy for recruitment."",
      ""prerequisites"": []
    },
    {
      ""id"": 3,
      ""description"": ""Detail the survey instrument, including the types of questions, scales used, and variables measured."",
      ""prerequisites"": []
    },
    {
      ""id"": 4,
      ""description"": ""Detail the semi-structured interview protocol, including the core themes and sample questions."",
      ""prerequisites"": []
    },
    {
      ""id"": 5,
      ""description"": ""Write the step-by-step procedure for administering the survey (e.g., platform, distribution channels, timeline)."",
      ""prerequisites"": [3]
    },
    {
      ""id"": 6,
      ""description"": ""Write the step-by-step procedure for conducting the interviews (e.g., format, recording, transcription)."",
      ""prerequisites"": [4]
    },
    {
      ""id"": 7,
      ""description"": ""Draft the ethical considerations, covering informed consent, participant anonymity, and institutional approval."",
      ""prerequisites"": [5, 6]
    },
    {
      ""id"": 8,
      ""description"": ""Outline the quantitative data analysis plan for the survey data (e.g., statistical tests, software)."",
      ""prerequisites"": [3]
    },
    {
      ""id"": 9,
      ""description"": ""Outline the qualitative data analysis plan for the interview transcripts (e.g., thematic analysis, coding process)."",
      ""prerequisites"": [4]
    },
    {
      ""id"": 10,
      ""description"": ""Draft the 'Participants and Sampling' subsection of the methodology."",
      ""prerequisites"": [2]
    },
    {
      ""id"": 11,
      ""description"": ""Draft the 'Materials and Instruments' subsection, describing the survey and interview guide."",
      ""prerequisites"": [3, 4]
    },
    {
      ""id"": 12,
      ""description"": ""Draft the 'Procedure' subsection, integrating the data collection steps and ethical considerations."",
      ""prerequisites"": [5, 6, 7]
    },
    {
      ""id"": 13,
      ""description"": ""Draft the 'Data Analysis' subsection, combining the quantitative and qualitative analysis plans."",
      ""prerequisites"": [8, 9]
    },
    {
      ""id"": 14,
      ""description"": ""Synthesize all drafted subsections (Participants, Instruments, Procedure, Analysis) into a single cohesive Methodology draft."",
      ""prerequisites"": [1, 10, 11, 12, 13]
    },
    {
      ""id"": 15,
      ""description"": ""Review and edit the complete Methodology section for academic tone, clarity, and alignment with the research questions."",
      ""prerequisites"": [14]
    }
  ]
}",,,,,
R032,S3-P10,"I just got my draft of the Introduction chapter back from my thesis adviser, and I am overwhelmed by the required revisions. The adviser left three main comments: 1) The research gap is not clearly explicitly stated, 2) The transition between the background context and the problem statement is abrupt and confusing, and 3) I need to incorporate at least three more recent sources (published between 2024-2026) to justify the severity of the problem. Break this revision process down into actionable microtasks so I can tackle these edits without panicking, noting which microtasks depend on others and which can be worked on independently.","{
  ""microtasks"": [
    {
      ""id"": 1,
      ""description"": ""Review the current Introduction to identify the logical place for an explicit research gap statement."",
      ""prerequisites"": []
    },
    {
      ""id"": 2,
      ""description"": ""Draft one to two sentences explicitly stating the research gap, building on the existing literature review."",
      ""prerequisites"": [
        1
      ]
    },
    {
      ""id"": 3,
      ""description"": ""Integrate the drafted research gap statement into the Introduction chapter."",
      ""prerequisites"": [
        2
      ]
    },
    {
      ""id"": 4,
      ""description"": ""Read the section containing the research gap aloud to ensure it flows logically and is clearly articulated."",
      ""prerequisites"": [
        3
      ]
    },
    {
      ""id"": 5,
      ""description"": ""Re-read the background context section of the Introduction."",
      ""prerequisites"": []
    },
    {
      ""id"": 6,
      ""description"": ""Re-read the problem statement section of the Introduction."",
      ""prerequisites"": []
    },
    {
      ""id"": 7,
      ""description"": ""Pinpoint the exact sentences or paragraphs where the transition between background context and problem statement feels abrupt or confusing."",
      ""prerequisites"": [
        5,
        6
      ]
    },
    {
      ""id"": 8,
      ""description"": ""Brainstorm and outline potential logical bridges or connecting ideas to smooth the transition."",
      ""prerequisites"": [
        7
      ]
    },
    {
      ""id"": 9,
      ""description"": ""Draft new transitional sentences or a short paragraph to link the background context and problem statement more smoothly."",
      ""prerequisites"": [
        8
      ]
    },
    {
      ""id"": 10,
      ""description"": ""Integrate the new transitional text into the Introduction chapter."",
      ""prerequisites"": [
        9
      ]
    },
    {
      ""id"": 11,
      ""description"": ""Read the revised transition section aloud to verify improved flow and clarity."",
      ""prerequisites"": [
        10
      ]
    },
    {
      ""id"": 12,
      ""description"": ""Identify specific keywords and phrases from your problem statement to use for literature searching."",
      ""prerequisites"": []
    },
    {
      ""id"": 13,
      ""description"": ""Conduct a targeted literature search for at least three sources published between 2024-2026 that justify the severity of your problem."",
      ""prerequisites"": [
        12
      ]
    },
    {
      ""id"": 14,
      ""description"": ""Select the three most relevant sources from your search results."",
      ""prerequisites"": [
        13
      ]
    },
    {
      ""id"": 15,
      ""description"": ""Read the selected sources to extract key arguments, data, or findings that directly support the severity of the problem."",
      ""prerequisites"": [
        14
      ]
    },
    {
      ""id"": 16,
      ""description"": ""Draft new sentences or paragraphs that incorporate the findings from these recent sources to strengthen the justification of the problem's severity."",
      ""prerequisites"": [
        15
      ]
    },
    {
      ""id"": 17,
      ""description"": ""Integrate the drafted text and corresponding citations for the new sources into the problem statement section."",
      ""prerequisites"": [
        16
      ]
    },
    {
      ""id"": 18,
      ""description"": ""Review the entire problem statement section to ensure the new sources are effectively integrated and enhance the argument without disrupting flow."",
      ""prerequisites"": [
        17
      ]
    }
  ]
}",,,,,
R033,S3-P2,"I need to write Chapter 1 of a research paper on social media's effects on teenagers. The paper examines how social media use affects teenagers' mental health and academic performance. Chapter 1 consists of four sections: Background of the Study, Research Objectives, Scope and Limitations, and Significance of the Study. Break this chapter down into microtasks I can execute one at a time, noting which microtasks depend on others and which can be worked on independently.","{""microtasks"": [{""id"": 1, ""description"": ""Conduct a preliminary literature search on social media's effects on teenage mental health."", ""prerequisites"": []}, {""id"": 2, ""description"": ""Summarize key findings from literature on social media's impact on teenagers' academic performance."", ""prerequisites"": [1]}, {""id"": 3, ""description"": ""Synthesize literature summaries to draft the Background of the Study section."", ""prerequisites"": [2]}, {""id"": 4, ""description"": ""Identify specific research gaps highlighted in the literature."", ""prerequisites"": [3]}, {""id"": 5, ""description"": ""Formulate clear, measurable research objectives based on identified gaps."", ""prerequisites"": [4]}, {""id"": 6, ""description"": ""Define the scope of the study (population, timeframe, topics covered)."", ""prerequisites"": [5]}, {""id"": 7, ""description"": ""Identify potential limitations (e.g., sample size, self\u2011report bias)."", ""prerequisites"": [6]}, {""id"": 8, ""description"": ""Draft the Scope and Limitations section incorporating points from tasks 6 and 7."", ""prerequisites"": [6,7]}, {""id"": 9, ""description"": ""Articulate the significance of the study (practical implications and contribution to knowledge)."", ""prerequisites"": [3,5]}, {""id"": 10, ""description"": ""Write the Significance of the Study section based on the articulation from task 9."", ""prerequisites"": [9]}]}",,,,,
R034,S3-P10,"I just got my draft of the Introduction chapter back from my thesis adviser, and I am overwhelmed by the required revisions. The adviser left three main comments: 1) The research gap is not clearly explicitly stated, 2) The transition between the background context and the problem statement is abrupt and confusing, and 3) I need to incorporate at least three more recent sources (published between 2024-2026) to justify the severity of the problem. Break this revision process down into actionable microtasks so I can tackle these edits without panicking, noting which microtasks depend on others and which can be worked on independently.","{
  ""microtasks"": [
    {
      ""id"": 1,
      ""description"": ""Search academic databases for at least three sources published between 2024 and 2026 that document the current severity or relevance of the research problem."",
      ""prerequisites"": []
    },
    {
      ""id"": 2,
      ""description"": ""Read the selected 2024-2026 sources and extract key statistics, findings, or quotes that demonstrate the severity of the problem."",
      ""prerequisites"": [1]
    },
    {
      ""id"": 3,
      ""description"": ""Draft the integration of the new 2024-2026 sources into the section of the Introduction that establishes the problem's severity."",
      ""prerequisites"": [2]
    },
    {
      ""id"": 4,
      ""description"": ""Draft a single, explicit sentence that clearly states the research gap (e.g., 'However, what remains unexplored is...')."",
      ""prerequisites"": []
    },
    {
      ""id"": 5,
      ""description"": ""Insert the drafted research gap statement into the Introduction chapter, ensuring it logically follows the literature review."",
      ""prerequisites"": [4]
    },
    {
      ""id"": 6,
      ""description"": ""Analyze the existing text between the background context and the problem statement to identify the exact point where the transition feels abrupt."",
      ""prerequisites"": []
    },
    {
      ""id"": 7,
      ""description"": ""Draft bridging sentences or a transitional paragraph that connects the broad background context to the specific problem statement."",
      ""prerequisites"": [6]
    },
    {
      ""id"": 8,
      ""description"": ""Integrate the drafted transitional sentences into the manuscript, revising surrounding sentences for smooth flow."",
      ""prerequisites"": [7]
    },
    {
      ""id"": 9,
      ""description"": ""Add the full citations for the three new 2024-2026 sources to the thesis reference list."",
      ""prerequisites"": [3]
    },
    {
      ""id"": 10,
      ""description"": ""Read through the entire revised Introduction chapter to ensure cohesive flow between the background, transition, problem statement, and research gap."",
      ""prerequisites"": [3, 5, 8, 9]
    }
  ]
}",,,,,
R035,S3-P3,"I need to write the Significance of the Study section for a research paper on sleep deprivation and academic performance among undergraduate students. The section needs to address significance to the academic community, to university administrators, and to student health services. Give me the most granular breakdown of microtasks possible for writing this section.","{
  ""microtasks"": [
    {
      ""id"": 1,
      ""description"": ""List specific gaps in existing literature on undergraduate sleep deprivation that this study addresses."",
      ""prerequisites"": []
    },
    {
      ""id"": 2,
      ""description"": ""List potential policy, scheduling, or housing changes university administrators could implement based on this study's findings."",
      ""prerequisites"": []
    },
    {
      ""id"": 3,
      ""description"": ""List specific wellness campaigns, counseling interventions, or educational programs student health services could develop using this study's findings."",
      ""prerequisites"": []
    },
    {
      ""id"": 4,
      ""description"": ""Draft the opening paragraph of the Significance of the Study section to establish the overall purpose and scope."",
      ""prerequisites"": []
    },
    {
      ""id"": 5,
      ""description"": ""Draft the paragraph detailing the study's theoretical contribution to the academic community."",
      ""prerequisites"": [1, 4]
    },
    {
      ""id"": 6,
      ""description"": ""Draft the paragraph detailing the practical implications for university administrators."",
      ""prerequisites"": [2, 4]
    },
    {
      ""id"": 7,
      ""description"": ""Draft the paragraph detailing the clinical or wellness implications for student health services."",
      ""prerequisites"": [3, 4]
    },
    {
      ""id"": 8,
      ""description"": ""Integrate the drafted paragraphs into a single cohesive section."",
      ""prerequisites"": [5, 6, 7]
    },
    {
      ""id"": 9,
      ""description"": ""Revise the transitions between the academic, administrative, and health services subsections for smooth flow."",
      ""prerequisites"": [8]
    },
    {
      ""id"": 10,
      ""description"": ""Proofread the entire Significance of the Study section for academic tone, grammar, and formatting compliance."",
      ""prerequisites"": [9]
    }
  ]
}",,,,,
R036,S3-P3,"I need to write the Significance of the Study section for a research paper on sleep deprivation and academic performance among undergraduate students. The section needs to address significance to the academic community, to university administrators, and to student health services. Give me the most granular breakdown of microtasks possible for writing this section.","{
  ""microtasks"": [
    {
      ""id"": 1,
      ""description"": ""Brainstorm the specific contributions of the study to the academic community, focusing on literature gaps, theoretical frameworks, or methodological approaches regarding sleep deprivation and academic performance."",
      ""prerequisites"": []
    },
    {
      ""id"": 2,
      ""description"": ""Brainstorm the practical implications of the study for university administrators, focusing on policy changes, class scheduling, exam timing, or campus resource allocation."",
      ""prerequisites"": []
    },
    {
      ""id"": 3,
      ""description"": ""Brainstorm the practical implications of the study for student health services, focusing on wellness campaigns, sleep hygiene workshops, mental health support, or early intervention strategies."",
      ""prerequisites"": []
    },
    {
      ""id"": 4,
      ""description"": ""Create a structured outline for the Significance of the Study section, organizing the brainstormed points into logical subsections."",
      ""prerequisites"": [1, 2, 3]
    },
    {
      ""id"": 5,
      ""description"": ""Draft the introductory paragraph of the Significance of the Study section, establishing the overall context and framing why this research matters."",
      ""prerequisites"": [4]
    },
    {
      ""id"": 6,
      ""description"": ""Draft the subsection detailing the significance of the study to the academic community, incorporating the brainstormed theoretical or literature contributions."",
      ""prerequisites"": [1, 4]
    },
    {
      ""id"": 7,
      ""description"": ""Draft the subsection detailing the significance of the study to university administrators, incorporating the brainstormed institutional and policy implications."",
      ""prerequisites"": [2, 4]
    },
    {
      ""id"": 8,
      ""description"": ""Draft the subsection detailing the significance of the study to student health services, incorporating the brainstormed clinical, educational, or outreach implications."",
      ""prerequisites"": [3, 4]
    },
    {
      ""id"": 9,
      ""description"": ""Draft a concluding paragraph for the section that synthesizes the collective impact of the study across all three stakeholders."",
      ""prerequisites"": [5, 6, 7, 8]
    },
    {
      ""id"": 10,
      ""description"": ""Review the entire drafted section to ensure smooth transitions between the stakeholder groups and a consistent academic tone."",
      ""prerequisites"": [9]
    },
    {
      ""id"": 11,
      ""description"": ""Proofread the section for grammar, spelling, punctuation, and sentence structure."",
      ""prerequisites"": [10]
    },
    {
      ""id"": 12,
      ""description"": ""Format the section according to the required academic style guide (e.g., APA, MLA) including headings and spacing."",
      ""prerequisites"": [11]
    }
  ]
}",,,,,
R037,S3-P4,"I am tasked with writing the methodology section for a research paper on the effects of social media on teenagers, in which we will be surveying and interviewing undergraduate students within our college. Break this down into microtasks that are simple to understand and initiate, noting which microtasks depend on others and which can be worked on independently.","{""microtasks"": [{""id"": 1, ""description"": ""Define research objectives and specific research questions about social media's effects on teenagers."", ""prerequisites"": []}, {""id"": 2, ""description"": ""Review existing academic literature on social media impacts on teenage behavior and mental health."", ""prerequisites"": [1]}, {""id"": 3, ""description"": ""Draft the initial survey questionnaire based on literature and research questions."", ""prerequisites"": [1, 2]}, {""id"": 4, ""description"": ""Pilot test the survey with a small group of students and collect feedback."", ""prerequisites"": [3]}, {""id"": 5, ""description"": ""Submit the survey and interview protocols to the Institutional Review Board (IRB) for approval."", ""prerequisites"": [3, 4]}, {""id"": 6, ""description"": ""Create a sampling plan and recruit undergraduate participants for the study."", ""prerequisites"": [5]}, {""id"": 7, ""description"": ""Distribute the finalized survey to recruited participants and track responses."", ""prerequisites"": [6]}, {""id"": 8, ""description"": ""Develop a semi\u2011structured interview guide aligned with the research questions."", ""prerequisites"": [1, 2]}, {""id"": 9, ""description"": ""Schedule interview times with participants and conduct the recorded interviews."", ""prerequisites"": [6, 8]}, {""id"": 10, ""description"": ""Perform quantitative data analysis on the survey responses (e.g., descriptive statistics, correlations)."", ""prerequisites"": [7]}, {""id"": 11, ""description"": ""Perform qualitative data analysis on interview transcripts (e.g., thematic coding)."", ""prerequisites"": [9]}, {""id"": 12, ""description"": ""Write the methodology section of the research paper, describing participants, procedures, instruments, and analysis."", ""prerequisites"": [5, 7, 9, 10, 11]}]}",,,,,
R038,S3-P3,"I need to write the Significance of the Study section for a research paper on sleep deprivation and academic performance among undergraduate students. The section needs to address significance to the academic community, to university administrators, and to student health services. Give me the most granular breakdown of microtasks possible for writing this section.","{
  ""microtasks"": [
    {
      ""id"": 1,
      ""description"": ""Re-read the study's objectives, methodology, and anticipated/actual findings to internalize its unique contribution."",
      ""prerequisites"": []
    },
    {
      ""id"": 2,
      ""description"": ""List specific gaps in existing literature that this study addresses regarding sleep deprivation and academic performance."",
      ""prerequisites"": [
        1
      ]
    },
    {
      ""id"": 3,
      ""description"": ""List ways this study might refine, support, or challenge existing theories related to sleep, cognition, or student success."",
      ""prerequisites"": [
        1
      ]
    },
    {
      ""id"": 4,
      ""description"": ""List specific avenues for future research that this study opens up."",
      ""prerequisites"": [
        1
      ]
    },
    {
      ""id"": 5,
      ""description"": ""List potential policy changes or new initiatives university administrators could implement based on this study's findings."",
      ""prerequisites"": [
        1
      ]
    },
    {
      ""id"": 6,
      ""description"": ""List how this study could inform resource allocation decisions for university services or programs."",
      ""prerequisites"": [
        1
      ]
    },
    {
      ""id"": 7,
      ""description"": ""List how addressing sleep deprivation could positively impact the university's reputation or student retention."",
      ""prerequisites"": [
        1
      ]
    },
    {
      ""id"": 8,
      ""description"": ""List specific intervention programs or workshops student health services could develop or improve."",
      ""prerequisites"": [
        1
      ]
    },
    {
      ""id"": 9,
      ""description"": ""List ways this study could inform awareness campaigns about sleep health for students."",
      ""prerequisites"": [
        1
      ]
    },
    {
      ""id"": 10,
      ""description"": ""List how this study could inform counseling approaches or support services for students struggling with sleep."",
      ""prerequisites"": [
        1
      ]
    },
    {
      ""id"": 11,
      ""description"": ""Write a concise opening sentence or two that introduces the 'Significance of the Study' section and briefly states the study's overall importance."",
      ""prerequisites"": []
    },
    {
      ""id"": 12,
      ""description"": ""Write an introductory sentence for the 'Significance to the Academic Community' subsection."",
      ""prerequisites"": [
        11
      ]
    },
    {
      ""id"": 13,
      ""description"": ""Draft a paragraph detailing how the study addresses specific gaps in the literature."",
      ""prerequisites"": [
        2
      ]
    },
    {
      ""id"": 14,
      ""description"": ""Draft a paragraph explaining how the study refines theories or opens new avenues for research."",
      ""prerequisites"": [
        3,
        4
      ]
    },
    {
      ""id"": 15,
      ""description"": ""Review the drafted academic significance paragraphs for clarity, flow, and completeness."",
      ""prerequisites"": [
        13,
        14
      ]
    },
    {
      ""id"": 16,
      ""description"": ""Write an introductory sentence for the 'Significance to University Administrators' subsection."",
      ""prerequisites"": [
        11
      ]
    },
    {
      ""id"": 17,
      ""description"": ""Draft a paragraph detailing how the study informs policy changes and resource allocation."",
      ""prerequisites"": [
        5,
        6
      ]
    },
    {
      ""id"": 18,
      ""description"": ""Draft a paragraph explaining how the study could impact university reputation or student retention."",
      ""prerequisites"": [
        7
      ]
    },
    {
      ""id"": 19,
      ""description"": ""Review the drafted administrator significance paragraphs for clarity, flow, and completeness."",
      ""prerequisites"": [
        17,
        18
      ]
    },
    {
      ""id"": 20,
      ""description"": ""Write an introductory sentence for the 'Significance to Student Health Services' subsection."",
      ""prerequisites"": [
        11
      ]
    },
    {
      ""id"": 21,
      ""description"": ""Draft a paragraph detailing how the study informs intervention programs and awareness campaigns."",
      ""prerequisites"": [
        8,
        9
      ]
    },
    {
      ""id"": 22,
      ""description"": ""Draft a paragraph explaining how the study could inform counseling approaches."",
      ""prerequisites"": [
        10
      ]
    },
    {
      ""id"": 23,
      ""description"": ""Review the drafted health services significance paragraphs for clarity, flow, and completeness."",
      ""prerequisites"": [
        21,
        22
      ]
    },
    {
      ""id"": 24,
      ""description"": ""Write a concise concluding sentence or two that summarizes the overall significance of the study."",
      ""prerequisites"": [
        15,
        19,
        23
      ]
    },
    {
      ""id"": 25,
      ""description"": ""Read the entire 'Significance of the Study' section to ensure smooth transitions between paragraphs and subsections."",
      ""prerequisites"": [
        12,
        15,
        16,
        19,
        20,
        23,
        24
      ]
    },
    {
      ""id"": 26,
      ""description"": ""Edit the entire section for clear, precise language and remove any redundant phrases."",
      ""prerequisites"": [
        25
      ]
    },
    {
      ""id"": 27,
      ""description"": ""Proofread the entire section for grammatical errors, spelling mistakes, and punctuation issues."",
      ""prerequisites"": [
        26
      ]
    },
    {
      ""id"": 28,
      ""description"": ""Verify that all aspects of the prompt (academic community, university administrators, student health services) have been adequately addressed."",
      ""prerequisites"": [
        27
      ]
    }
  ]
}",,,,,
R039,S3-P4,"I am tasked with writing the methodology section for a research paper on the effects of social media on teenagers, in which we will be surveying and interviewing undergraduate students within our college. Break this down into microtasks that are simple to understand and initiate, noting which microtasks depend on others and which can be worked on independently.","{
  ""microtasks"": [
    {
      ""id"": 1,
      ""description"": ""Define the overall research design (e.g., mixed-methods, descriptive, or exploratory)."",
      ""prerequisites"": []
    },
    {
      ""id"": 2,
      ""description"": ""Determine the sampling strategy (e.g., convenience sampling, purposive sampling)."",
      ""prerequisites"": []
    },
    {
      ""id"": 3,
      ""description"": ""Establish specific inclusion and exclusion criteria for the undergraduate participants."",
      ""prerequisites"": [2]
    },
    {
      ""id"": 4,
      ""description"": ""Calculate or estimate the required sample size for both the survey and the interviews."",
      ""prerequisites"": [2, 3]
    },
    {
      ""id"": 5,
      ""description"": ""Draft the 'Research Design' subsection of the methodology."",
      ""prerequisites"": [1]
    },
    {
      ""id"": 6,
      ""description"": ""Draft the 'Participants and Sampling' subsection of the methodology."",
      ""prerequisites"": [2, 3, 4]
    },
    {
      ""id"": 7,
      ""description"": ""Develop the survey instrument, including specific questions and response scales."",
      ""prerequisites"": [1]
    },
    {
      ""id"": 8,
      ""description"": ""Develop the semi-structured interview guide/protocol."",
      ""prerequisites"": [1]
    },
    {
      ""id"": 9,
      ""description"": ""Draft the 'Instrumentation' subsection describing the survey and interview tools."",
      ""prerequisites"": [7, 8]
    },
    {
      ""id"": 10,
      ""description"": ""Outline the step-by-step procedure for administering the survey and conducting interviews."",
      ""prerequisites"": [7, 8]
    },
    {
      ""id"": 11,
      ""description"": ""Draft the 'Data Collection Procedures' subsection."",
      ""prerequisites"": [10]
    },
    {
      ""id"": 12,
      ""description"": ""Identify the statistical methods to be used for analyzing survey data."",
      ""prerequisites"": [1, 7]
    },
    {
      ""id"": 13,
      ""description"": ""Identify the qualitative analysis method to be used for interview data (e.g., thematic analysis)."",
      ""prerequisites"": [1, 8]
    },
    {
      ""id"": 14,
      ""description"": ""Draft the 'Data Analysis' subsection."",
      ""prerequisites"": [12, 13]
    },
    {
      ""id"": 15,
      ""description"": ""Outline the ethical protocols, including informed consent, anonymity, and data storage."",
      ""prerequisites"": []
    },
    {
      ""id"": 16,
      ""description"": ""Draft the 'Ethical Considerations' subsection."",
      ""prerequisites"": [15]
    },
    {
      ""id"": 17,
      ""description"": ""Review and integrate all subsections into a single, cohesive methodology section."",
      ""prerequisites"": [5, 6, 9, 11, 14, 16]
    }
  ]
}",,,,,
R040,S3-P10,"I just got my draft of the Introduction chapter back from my thesis adviser, and I am overwhelmed by the required revisions. The adviser left three main comments: 1) The research gap is not clearly explicitly stated, 2) The transition between the background context and the problem statement is abrupt and confusing, and 3) I need to incorporate at least three more recent sources (published between 2024-2026) to justify the severity of the problem. Break this revision process down into actionable microtasks so I can tackle these edits without panicking, noting which microtasks depend on others and which can be worked on independently.","{
  ""microtasks"": [
    {
      ""id"": 1,
      ""description"": ""Review the Introduction chapter to identify the current location and clarity of the research gap statement."",
      ""prerequisites"": []
    },
    {
      ""id"": 2,
      ""description"": ""Draft one to three explicit sentences clearly stating the research gap."",
      ""prerequisites"": [
        1
      ]
    },
    {
      ""id"": 3,
      ""description"": ""Integrate the drafted research gap statement into the Introduction chapter."",
      ""prerequisites"": [
        2
      ]
    },
    {
      ""id"": 4,
      ""description"": ""Read the section of the Introduction chapter between the background context and the problem statement to identify the abrupt transition."",
      ""prerequisites"": []
    },
    {
      ""id"": 5,
      ""description"": ""Pinpoint specific phrases or sentences that make the transition abrupt or confusing."",
      ""prerequisites"": [
        4
      ]
    },
    {
      ""id"": 6,
      ""description"": ""Brainstorm alternative phrasing, connecting words, or additional sentences to smooth the transition."",
      ""prerequisites"": [
        5
      ]
    },
    {
      ""id"": 7,
      ""description"": ""Draft new transitional text to create a smoother flow between the background context and the problem statement."",
      ""prerequisites"": [
        6
      ]
    },
    {
      ""id"": 8,
      ""description"": ""Integrate the new transitional text into the Introduction chapter."",
      ""prerequisites"": [
        7
      ]
    },
    {
      ""id"": 9,
      ""description"": ""Conduct a literature search for at least three academic sources published between 2024-2026 relevant to the severity of the problem."",
      ""prerequisites"": []
    },
    {
      ""id"": 10,
      ""description"": ""Select at least three highly relevant sources from the search results."",
      ""prerequisites"": [
        9
      ]
    },
    {
      ""id"": 11,
      ""description"": ""Read the selected sources to extract key findings or arguments that justify the severity of the problem."",
      ""prerequisites"": [
        10
      ]
    },
    {
      ""id"": 12,
      ""description"": ""Draft sentences or a paragraph incorporating the findings from the new sources to strengthen the justification of the problem's severity."",
      ""prerequisites"": [
        11
      ]
    },
    {
      ""id"": 13,
      ""description"": ""Integrate the drafted text with new sources into the relevant section of the Introduction chapter."",
      ""prerequisites"": [
        12
      ]
    },
    {
      ""id"": 14,
      ""description"": ""Add the new sources to the reference list or bibliography."",
      ""prerequisites"": [
        13
      ]
    },
    {
      ""id"": 15,
      ""description"": ""Read through the entire revised Introduction chapter to ensure overall coherence, flow, and clarity after all changes."",
      ""prerequisites"": [
        3,
        8,
        13,
        14
      ]
    }
  ]
}",,,,,
R041,S3-P9,"I need to write the Conclusion and Recommendations chapter for our research paper on reward-based habit formation among working professionals. The chapter should summarize key findings from our results, discuss implications for employers and HR practitioners, acknowledge study limitations, and suggest directions for future research. Break this down into microtasks. I can complete one at a time, noting which microtasks depend on others and which can be worked on independently.","{""microtasks"": [{""id"": 1, ""description"": ""Review the results and discussion sections of the research paper to extract the main findings regarding reward-based habit formation."", ""prerequisites"": []}, {""id"": 2, ""description"": ""Draft the summary of key findings, highlighting how rewards influence habit formation among working professionals."", ""prerequisites"": [1]}, {""id"": 3, ""description"": ""Brainstorm and outline actionable implications specifically tailored for employers and HR practitioners based on the key findings."", ""prerequisites"": [1]}, {""id"": 4, ""description"": ""Draft the 'Implications for Practice' section, detailing how HR can implement reward systems to foster positive habits."", ""prerequisites"": [3]}, {""id"": 5, ""description"": ""Identify and list the methodological and contextual limitations of the study (e.g., sample size, self-reporting, industry scope)."", ""prerequisites"": []}, {""id"": 6, ""description"": ""Draft the 'Limitations' section of the chapter."", ""prerequisites"": [5]}, {""id"": 7, ""description"": ""Brainstorm future research directions that address the identified limitations and build upon the study's findings."", ""prerequisites"": [1, 5]}, {""id"": 8, ""description"": ""Draft the 'Directions for Future Research' section."", ""prerequisites"": [7]}, {""id"": 9, ""description"": ""Draft the final concluding paragraph to provide a strong, overarching wrap-up of the study's contribution."", ""prerequisites"": [2]}, {""id"": 10, ""description"": ""Compile, edit, and format all drafted sections into a cohesive 'Conclusion and Recommendations' chapter, ensuring smooth transitions."", ""prerequisites"": [2, 4, 6, 8, 9]}]}",,,,,
R042,S3-P9,"I need to write the Conclusion and Recommendations chapter for our research paper on reward-based habit formation among working professionals. The chapter should summarize key findings from our results, discuss implications for employers and HR practitioners, acknowledge study limitations, and suggest directions for future research. Break this down into microtasks. I can complete one at a time, noting which microtasks depend on others and which can be worked on independently.","{
  ""microtasks"": [
    {
      ""id"": 1,
      ""description"": ""Outline the main sections for the Conclusion and Recommendations chapter (e.g., Summary of Findings, Implications, Limitations, Future Research)."",
      ""prerequisites"": []
    },
    {
      ""id"": 2,
      ""description"": ""Review the 'Results' chapter to identify the most significant findings related to reward-based habit formation."",
      ""prerequisites"": []
    },
    {
      ""id"": 3,
      ""description"": ""Identify potential limitations of the study's methodology, sample, or scope."",
      ""prerequisites"": []
    },
    {
      ""id"": 4,
      ""description"": ""Draft a section summarizing the key findings from the 'Results' chapter clearly and concisely."",
      ""prerequisites"": [
        2
      ]
    },
    {
      ""id"": 5,
      ""description"": ""Brainstorm practical implications of the key findings for employers and HR practitioners."",
      ""prerequisites"": [
        4
      ]
    },
    {
      ""id"": 6,
      ""description"": ""Draft a section discussing the implications for employers and HR practitioners, linking them directly to the findings."",
      ""prerequisites"": [
        5
      ]
    },
    {
      ""id"": 7,
      ""description"": ""Draft a section acknowledging the identified study limitations and their potential impact."",
      ""prerequisites"": [
        3
      ]
    },
    {
      ""id"": 8,
      ""description"": ""Brainstorm specific, actionable directions for future research based on the study's findings and limitations."",
      ""prerequisites"": [
        4,
        7
      ]
    },
    {
      ""id"": 9,
      ""description"": ""Draft a section outlining the suggested directions for future research."",
      ""prerequisites"": [
        8
      ]
    },
    {
      ""id"": 10,
      ""description"": ""Draft a brief introductory paragraph for the Conclusion and Recommendations chapter."",
      ""prerequisites"": [
        1
      ]
    },
    {
      ""id"": 11,
      ""description"": ""Draft a brief concluding paragraph for the Conclusion and Recommendations chapter."",
      ""prerequisites"": [
        6,
        7,
        9
      ]
    },
    {
      ""id"": 12,
      ""description"": ""Review the entire chapter for clarity, coherence, and logical flow between sections."",
      ""prerequisites"": [
        6,
        7,
        9,
        10,
        11
      ]
    },
    {
      ""id"": 13,
      ""description"": ""Check for consistency in terminology, formatting, and tone throughout the chapter."",
      ""prerequisites"": [
        12
      ]
    },
    {
      ""id"": 14,
      ""description"": ""Proofread the chapter for grammar, spelling, punctuation, and typographical errors."",
      ""prerequisites"": [
        13
      ]
    }
  ]
}",,,,,
R043,S3-P10,"I just got my draft of the Introduction chapter back from my thesis adviser, and I am overwhelmed by the required revisions. The adviser left three main comments: 1) The research gap is not clearly explicitly stated, 2) The transition between the background context and the problem statement is abrupt and confusing, and 3) I need to incorporate at least three more recent sources (published between 2024-2026) to justify the severity of the problem. Break this revision process down into actionable microtasks so I can tackle these edits without panicking, noting which microtasks depend on others and which can be worked on independently.","{
  ""microtasks"": [
    {
      ""id"": 1,
      ""description"": ""Search academic databases for at least three sources published between 2024-2026 that demonstrate the severity of the research problem."",
      ""prerequisites"": []
    },
    {
      ""id"": 2,
      ""description"": ""Extract key findings, statistics, or arguments from the selected 2024-2026 sources to use as evidence."",
      ""prerequisites"": [1]
    },
    {
      ""id"": 3,
      ""description"": ""Draft sentences incorporating the new 2024-2026 sources into the background context section of the Introduction."",
      ""prerequisites"": [2]
    },
    {
      ""id"": 4,
      ""description"": ""Draft a single, explicit sentence that clearly defines the research gap (e.g., 'However, previous research has not yet addressed...')."",
      ""prerequisites"": []
    },
    {
      ""id"": 5,
      ""description"": ""Identify the exact location in the current draft where the research gap statement should be positioned."",
      ""prerequisites"": []
    },
    {
      ""id"": 6,
      ""description"": ""Insert the drafted research gap statement into the identified location and adjust the immediate surrounding sentences for basic readability."",
      ""prerequisites"": [4, 5]
    },
    {
      ""id"": 7,
      ""description"": ""Review the connection between the updated background context (containing the new sources) and the problem statement (containing the new gap statement) to pinpoint the exact transition point."",
      ""prerequisites"": [3, 6]
    },
    {
      ""id"": 8,
      ""description"": ""Draft transitional sentences or a short paragraph to logically bridge the background context and the problem statement."",
      ""prerequisites"": [7]
    },
    {
      ""id"": 9,
      ""description"": ""Read through the entire revised Introduction chapter to ensure cohesive flow, logical progression, and correct citation formatting for the new sources."",
      ""prerequisites"": [8]
    }
  ]
}",,,,,
R044,S3-P3,"I need to write the Significance of the Study section for a research paper on sleep deprivation and academic performance among undergraduate students. The section needs to address significance to the academic community, to university administrators, and to student health services. Give me the most granular breakdown of microtasks possible for writing this section.","{""microtasks"": [{""id"": 1, ""description"": ""Identify specific theoretical gaps in existing sleep and academic performance literature."", ""prerequisites"": []}, {""id"": 2, ""description"": ""Identify specific empirical or methodological gaps in existing sleep and academic performance literature."", ""prerequisites"": []}, {""id"": 3, ""description"": ""List potential administrative implications (e.g., scheduling, retention policies, academic support)."", ""prerequisites"": []}, {""id"": 4, ""description"": ""List potential health service implications (e.g., wellness programming, counseling, preventative education)."", ""prerequisites"": []}, {""id"": 5, ""description"": ""Draft the academic community subsection regarding theoretical contributions."", ""prerequisites"": [1]}, {""id"": 6, ""description"": ""Draft the academic community subsection regarding empirical or methodological contributions."", ""prerequisites"": [2]}, {""id"": 7, ""description"": ""Draft the university administrator subsection."", ""prerequisites"": [3]}, {""id"": 8, ""description"": ""Draft the student health services subsection."", ""prerequisites"": [4]}, {""id"": 9, ""description"": ""Write the introductory sentence or paragraph for the Significance of the Study section."", ""prerequisites"": []}, {""id"": 10, ""description"": ""Write the concluding sentence or paragraph for the Significance of the Study section."", ""prerequisites"": [5, 6, 7, 8]}, {""id"": 11, ""description"": ""Assemble the introductory paragraph, stakeholder subsections, and concluding paragraph into a single draft."", ""prerequisites"": [9, 5, 6, 7, 8, 10]}, {""id"": 12, ""description"": ""Review and edit the section for smooth transitions between the different stakeholder groups."", ""prerequisites"": [11]}]}",,,,,
R045,S3-P5,I am writing the scope and limitations section for our research paper on peer pressure and risk-taking behavior among adolescents. We will only have high school students from our partner schools as participants. Another limitation is that we are not measuring long-term behavioral outcomes beyond the school year. Create microtasks that I can accomplish procedurally to complete this section of the paper.,"{
  ""microtasks"": [
    {
      ""id"": 1,
      ""description"": ""Define the demographic parameters (e.g., age range, grade levels) of the adolescent participants."",
      ""prerequisites"": []
    },
    {
      ""id"": 2,
      ""description"": ""Define the institutional boundaries (the specific partner schools) included in the study."",
      ""prerequisites"": []
    },
    {
      ""id"": 3,
      ""description"": ""Define the specific variables (peer pressure and risk-taking behavior) to be measured."",
      ""prerequisites"": []
    },
    {
      ""id"": 4,
      ""description"": ""Write the Scope paragraph by synthesizing the demographic, institutional, and variable definitions."",
      ""prerequisites"": [1, 2, 3]
    },
    {
      ""id"": 5,
      ""description"": ""Draft a statement regarding the sampling limitation caused by the focus on partner schools."",
      ""prerequisites"": [2]
    },
    {
      ""id"": 6,
      ""description"": ""Draft a statement regarding the temporal limitation caused by the lack of long-term behavioral data."",
      ""prerequisites"": []
    },
    {
      ""id"": 7,
      ""description"": ""Write the Limitations paragraph by synthesizing the sampling and temporal statements."",
      ""prerequisites"": [5, 6]
    },
    {
      ""id"": 8,
      ""description"": ""Review the combined Scope and Limitations section for academic tone and logical flow."",
      ""prerequisites"": [4, 7]
    }
  ]
}",,,,,
R046,S3-P8,"I need to write the Results and Discussion chapter for a research paper on group conformity in decision-making among university students. We ran a controlled group experiment with 80 participants and found that individuals were significantly more likely to change their answer when exposed to unanimous incorrect group responses, along with several recurring themes from follow-up interviews about social pressure. Break this down into microtasks for presenting the quantitative results, discussing the qualitative themes, and connecting both back to the research questions, noting which microtasks depend on others and which can be worked on independently.","{""microtasks"": [{""id"": 1, ""description"": ""Organize raw experimental data from the 80 participants."", ""prerequisites"": []}, {""id"": 2, ""description"": ""Generate statistical tables and figures representing conformity rates."", ""prerequisites"": [1]}, {""id"": 3, ""description"": ""Write the quantitative results section describing the significance of answer changes."", ""prerequisites"": [2]}, {""id"": 4, ""description"": ""Code interview transcripts into recurring themes."", ""prerequisites"": []}, {""id"": 5, ""description"": ""Select specific quotes that illustrate the social pressure themes."", ""prerequisites"": [4]}, {""id"": 6, ""description"": ""Write the qualitative results section describing the themes and quotes."", ""prerequisites"": [5]}, {""id"": 7, ""description"": ""Compare the quantitative conformity findings to existing research literature."", ""prerequisites"": [3]}, {""id"": 8, ""description"": ""Compare the qualitative social pressure themes to existing research literature."", ""prerequisites"": [6]}, {""id"": 9, ""description"": ""Synthesize the quantitative and qualitative findings to address the research questions."", ""prerequisites"": [7, 8]}, {""id"": 10, ""description"": ""Draft the limitations and implications of the study."", ""prerequisites"": [9]}]}",,,,,
R047,S3-P3,"I need to write the Significance of the Study section for a research paper on sleep deprivation and academic performance among undergraduate students. The section needs to address significance to the academic community, to university administrators, and to student health services. Give me the most granular breakdown of microtasks possible for writing this section.","{""microtasks"": [{""id"": 1, ""description"": ""Identify specific theoretical gaps in existing sleep and academic performance literature."", ""prerequisites"": []}, {""id"": 2, ""description"": ""Identify specific empirical or methodological gaps in existing sleep and academic performance literature."", ""prerequisites"": []}, {""id"": 3, ""description"": ""List potential administrative implications (e.g., scheduling, retention policies, academic support)."", ""prerequisites"": []}, {""id"": 4, ""description"": ""List potential health service implications (e.g., wellness programming, counseling, preventative education)."", ""prerequisites"": []}, {""id"": 5, ""description"": ""Draft the academic community subsection regarding theoretical contributions."", ""prerequisites"": [1]}, {""id"": 6, ""description"": ""Draft the academic community subsection regarding empirical or methodological contributions."", ""prerequisites"": [2]}, {""id"": 7, ""description"": ""Draft the university administrator subsection."", ""prerequisites"": [3]}, {""id"": 8, ""description"": ""Draft the student health services subsection."", ""prerequisites"": [4]}, {""id"": 9, ""description"": ""Write the introductory sentence or paragraph for the Significance of the Study section."", ""prerequisites"": []}, {""id"": 10, ""description"": ""Write the concluding sentence or paragraph for the Significance of the Study section."", ""prerequisites"": [5, 6, 7, 8]}, {""id"": 11, ""description"": ""Assemble the introductory paragraph, stakeholder subsections, and concluding paragraph into a single draft."", ""prerequisites"": [9, 5, 6, 7, 8, 10]}, {""id"": 12, ""description"": ""Review and edit the section for smooth transitions between the different stakeholder groups."", ""prerequisites"": [11]}]}",,,,,
R048,S3-P2,"I need to write Chapter 1 of a research paper on social media's effects on teenagers. The paper examines how social media use affects teenagers' mental health and academic performance. Chapter 1 consists of four sections: Background of the Study, Research Objectives, Scope and Limitations, and Significance of the Study. Break this chapter down into microtasks I can execute one at a time, noting which microtasks depend on others and which can be worked on independently.","{""microtasks"": [{""id"": 1, ""description"": ""Research existing literature and statistics regarding social media's impact on teenage mental health."", ""prerequisites"": []}, {""id"": 2, ""description"": ""Research existing literature and statistics regarding social media's impact on teenage academic performance."", ""prerequisites"": []}, {""id"": 3, ""description"": ""Write the Background of the Study section using gathered research."", ""prerequisites"": [1, 2]}, {""id"": 4, ""description"": ""Formulate the central research question for the study."", ""prerequisites"": [3]}, {""id"": 5, ""description"": ""Draft specific research objectives related to mental health."", ""prerequisites"": [4]}, {""id"": 6, ""description"": ""Draft specific research objectives related to academic performance."", ""prerequisites"": [4]}, {""id"": 7, ""description"": ""Write the Research Objectives section."", ""prerequisites"": [5, 6]}, {""id"": 8, ""description"": ""Define the demographic and geographic scope of the study."", ""prerequisites"": [4]}, {""id"": 9, ""description"": ""Define the specific variables and timeframes to be studied."", ""prerequisites"": [4]}, {""id"": 10, ""description"": ""Identify potential methodological and practical limitations of the research."", ""prerequisites"": [8, 9]}, {""id"": 11, ""description"": ""Write the Scope and Limitations section."", ""prerequisites"": [8, 9, 10]}, {""id"": 12, ""description"": ""Identify key stakeholders who will benefit from the research (e.g., parents, educators, policymakers)."", ""prerequisites"": [4]}, {""id"": 13, ""description"": ""Draft the specific practical implications for each identified stakeholder."", ""prerequisites"": [12]}, {""id"": 14, ""description"": ""Write the Significance of the Study section."", ""prerequisites"": [13]}]}",,,,,
R049,S3-P8,"I need to write the Results and Discussion chapter for a research paper on group conformity in decision-making among university students. We ran a controlled group experiment with 80 participants and found that individuals were significantly more likely to change their answer when exposed to unanimous incorrect group responses, along with several recurring themes from follow-up interviews about social pressure. Break this down into microtasks for presenting the quantitative results, discussing the qualitative themes, and connecting both back to the research questions, noting which microtasks depend on others and which can be worked on independently.","{
  ""microtasks"": [
    {
      ""id"": 1,
      ""description"": ""Compile and format descriptive statistics (e.g., conformity rates, frequencies) from the N=80 experimental data."",
      ""prerequisites"": []
    },
    {
      ""id"": 2,
      ""description"": ""Perform and document the inferential statistical tests demonstrating the significance of answer changes when participants were exposed to unanimous incorrect group responses."",
      ""prerequisites"": [1]
    },
    {
      ""id"": 3,
      ""description"": ""Draft the quantitative results section, incorporating the statistical outputs, tables, and figures representing the experimental findings."",
      ""prerequisites"": [2]
    },
    {
      ""id"": 4,
      ""description"": ""Analyze and organize the qualitative interview data into distinct thematic categories representing different aspects of social pressure."",
      ""prerequisites"": []
    },
    {
      ""id"": 5,
      ""description"": ""Draft the qualitative results section, describing the recurring themes of social pressure and embedding illustrative participant quotes."",
      ""prerequisites"": [4]
    },
    {
      ""id"": 6,
      ""description"": ""Write the synthesis section that integrates the quantitative findings (the rate of conformity) with the qualitative findings (the experienced social pressure)."",
      ""prerequisites"": [3, 5]
    },
    {
      ""id"": 7,
      ""description"": ""Draft the discussion section comparing the integrated findings to established conformity literature and theoretical frameworks (e.g., normative and informational social influence)."",
      ""prerequisites"": [6]
    },
    {
      ""id"": 8,
      ""description"": ""Draft the section that explicitly addresses and answers the study's primary research questions using the integrated results."",
      ""prerequisites"": [6]
    },
    {
      ""id"": 9,
      ""description"": ""Write the study limitations (e.g., sample size of 80, university student demographic) and suggest specific avenues for future research."",
      ""prerequisites"": [7, 8]
    },
    {
      ""id"": 10,
      ""description"": ""Write the concluding summary for the Results and Discussion chapter."",
      ""prerequisites"": [9]
    },
    {
      ""id"": 11,
      ""description"": ""Review and edit the entire Results and Discussion chapter for academic tone, clarity, and smooth transitions between the quantitative and qualitative sections."",
      ""prerequisites"": [10]
    }
  ]
}",,,,,
R050,S3-P10,"I just got my draft of the Introduction chapter back from my thesis adviser, and I am overwhelmed by the required revisions. The adviser left three main comments: 1) The research gap is not clearly explicitly stated, 2) The transition between the background context and the problem statement is abrupt and confusing, and 3) I need to incorporate at least three more recent sources (published between 2024-2026) to justify the severity of the problem. Break this revision process down into actionable microtasks so I can tackle these edits without panicking, noting which microtasks depend on others and which can be worked on independently.","{""microtasks"": [{""id"": 1, ""description"": ""List the specific limitations or unanswered questions identified in the current draft to define the research gap."", ""prerequisites"": []}, {""id"": 2, ""description"": ""Draft an explicit statement of the research gap based on the identified limitations."", ""prerequisites"": [1]}, {""id"": 3, ""description"": ""Integrate the drafted research gap statement into the Introduction text."", ""prerequisites"": [2]}, {""id"": 4, ""description"": ""Identify the exact sentence where the background context ends and the problem statement begins."", ""prerequisites"": []}, {""id"": 5, ""description"": ""Draft a transitional sentence or paragraph to bridge the background context and the problem statement."", ""prerequisites"": [4]}, {""id"": 6, ""description"": ""Replace the existing abrupt transition with the new drafted bridging text."", ""prerequisites"": [5]}, {""id"": 7, ""description"": ""Search academic databases for sources published between 2024 and 2026 regarding the severity of the problem."", ""prerequisites"": []}, {""id"": 8, ""description"": ""Select three relevant sources from the search results."", ""prerequisites"": [7]}, {""id"": 9, ""description"": ""Extract key evidence or statistics from the three selected sources to justify problem severity."", ""prerequisites"": [8]}, {""id"": 10, ""description"": ""Draft new sentences incorporating the extracted evidence into the problem statement section."", ""prerequisites"": [9]}, {""id"": 11, ""description"": ""Insert the new sentences and their corresponding citations into the Introduction draft."", ""prerequisites"": [10]}]}",,,,,
R051,S3-P1,I need to write the Background of the Study section for a research paper on the effects of social media use on teenagers. The paper argues that excessive social media use is linked to increased anxiety and lower self-esteem among teenagers. Break this down into microtasks I can start working on immediately.,"{""microtasks"": [{""id"": 1, ""description"": ""Identify research databases (e.g., PubMed, PsycINFO, Google Scholar) and set up search alerts using keywords: \""social media\"", \""adolescents\"", \""anxiety\"", \""self-esteem\""."", ""prerequisites"": []}, {""id"": 2, ""description"": ""Conduct an initial search for peer-reviewed articles on social media use and anxiety in teenagers using the databases set up in Task 1."", ""prerequisites"": [1]}, {""id"": 3, ""description"": ""Conduct an initial search for peer-reviewed articles on social media use and self-esteem in teenagers using the databases set up in Task 1."", ""prerequisites"": [1]}, {""id"": 4, ""description"": ""Screen titles and abstracts of the search results from Task 2 to select five relevant articles that directly address the relationship between social media use and anxiety in teenagers."", ""prerequisites"": [2]}, {""id"": 5, ""description"": ""Screen titles and abstracts of the search results from Task 3 to select five relevant articles that directly address the relationship between social media use and self-esteem in teenagers."", ""prerequisites"": [3]}, {""id"": 6, ""description"": ""Extract key data (authors, year, sample size, methodology, main findings) from the five selected anxiety articles into a structured spreadsheet."", ""prerequisites"": [4]}, {""id"": 7, ""description"": ""Extract key data (authors, year, sample size, methodology, main findings) from the five selected self-esteem articles into a structured spreadsheet."", ""prerequisites"": [5]}, {""id"": 8, ""description"": ""Write a concise literature review paragraph summarizing the evidence linking excessive social media use to increased anxiety among teenagers, based on the extracted data from Task 6."", ""prerequisites"": [6]}, {""id"": 9, ""description"": ""Write a concise literature review paragraph summarizing the evidence linking excessive social media use to lower self-esteem among teenagers, based on the extracted data from Task 7."", ""prerequisites"": [7]}, {""id"": 10, ""description"": ""Draft an introductory paragraph for the Background section that contextualizes the prevalence of social media use among teenagers and introduces the problem of anxiety and self-esteem impacts, incorporating the findings from Tasks 8 and 9."", ""prerequisites"": [8, 9]}, {""id"": 11, ""description"": ""Identify gaps in the existing research (e.g., longitudinal studies, causal mechanisms) and write a brief statement outlining the study’s significance and research question."", ""prerequisites"": [10]}, {""id"": 12, ""description"": ""Revise and integrate the paragraphs from Tasks 8, 9, 10, and 11 into a cohesive Background of the Study section, ensuring logical flow and proper citation format."", ""prerequisites"": [8, 9, 10, 11]}]}",,,,,
R052,S3-P7,I have to write something about procrastination and self-regulation in college students for my research paper but I'm not sure what part to focus on yet. Help me figure out what to do next.,"{""microtasks"": [{""id"": 1, ""description"": ""Search academic databases for 'procrastination' and 'self-regulation' in college students."", ""prerequisites"": []}, {""id"": 2, ""description"": ""Read abstracts of the top 10 most relevant search results."", ""prerequisites"": [1]}, {""id"": 3, ""description"": ""List three potential research sub-topics or gaps identified from the abstracts."", ""prerequisites"": [2]}, {""id"": 4, ""description"": ""Select one sub-topic to serve as the primary focus."", ""prerequisites"": [3]}, {""id"": 5, ""description"": ""Formulate a specific research question for the chosen sub-topic."", ""prerequisites"": [4]}, {""id"": 6, ""description"": ""Search for peer-reviewed articles that specifically address the research question."", ""prerequisites"": [5]}, {""id"": 7, ""description"": ""Summarize the key findings of the 3-5 most relevant articles found."", ""prerequisites"": [6]}, {""id"": 8, ""description"": ""Draft a working thesis statement."", ""prerequisites"": [7]}, {""id"": 9, ""description"": ""Create a formal outline for the paper."", ""prerequisites"": [8]}]}",,,,,
R053,S3-P9,"I need to write the Conclusion and Recommendations chapter for our research paper on reward-based habit formation among working professionals. The chapter should summarize key findings from our results, discuss implications for employers and HR practitioners, acknowledge study limitations, and suggest directions for future research. Break this down into microtasks. I can complete one at a time, noting which microtasks depend on others and which can be worked on independently.","{""microtasks"": [{""id"": 1, ""description"": ""Review and extract the key findings from the Results section of the research paper."", ""prerequisites"": []}, {""id"": 2, ""description"": ""Draft the summary of key findings for the Conclusion chapter."", ""prerequisites"": [1]}, {""id"": 3, ""description"": ""Review relevant literature on employer incentives and HR practices related to habit formation."", ""prerequisites"": []}, {""id"": 4, ""description"": ""Draft the section discussing implications for employers and HR practitioners."", ""prerequisites"": [3]}, {""id"": 5, ""description"": ""Identify and summarize the study\u2019s methodological and data limitations."", ""prerequisites"": []}, {""id"": 6, ""description"": ""Draft the limitations section of the Conclusion chapter."", ""prerequisites"": [5]}, {""id"": 7, ""description"": ""Identify potential research gaps and future research avenues based on the findings and literature review."", ""prerequisites"": [1, 3, 5]}, {""id"": 8, ""description"": ""Draft the future research directions section of the Conclusion chapter."", ""prerequisites"": [7]}, {""id"": 9, ""description"": ""Integrate the summaries, implications, limitations, and future research sections into a cohesive draft of the Conclusion chapter."", ""prerequisites"": [2, 4, 6, 8]}, {""id"": 10, ""description"": ""Edit and revise the complete Conclusion chapter for clarity, flow, and adherence to journal formatting guidelines."", ""prerequisites"": [9]}]}",,,,,
R054,S3-P4,"I am tasked with writing the methodology section for a research paper on the effects of social media on teenagers, in which we will be surveying and interviewing undergraduate students within our college. Break this down into microtasks that are simple to understand and initiate, noting which microtasks depend on others and which can be worked on independently.","{
  ""microtasks"": [
    {
      ""id"": 1,
      ""description"": ""Outline the main sections and sub-sections required for a methodology chapter (e.g., Research Design, Participants, Data Collection, Data Analysis, Ethical Considerations)."",
      ""prerequisites"": []
    },
    {
      ""id"": 2,
      ""description"": ""Define the overall research design as mixed-methods (combining quantitative surveys and qualitative interviews)."",
      ""prerequisites"": []
    },
    {
      ""id"": 3,
      ""description"": ""Justify the choice of a mixed-methods design for studying the effects of social media on teenagers."",
      ""prerequisites"": [
        2
      ]
    },
    {
      ""id"": 4,
      ""description"": ""Identify the target population for the study (undergraduate students within your college)."",
      ""prerequisites"": []
    },
    {
      ""id"": 5,
      ""description"": ""Determine the specific sampling strategy for the survey component (e.g., convenience, random, stratified sampling)."",
      ""prerequisites"": [
        4
      ]
    },
    {
      ""id"": 6,
      ""description"": ""Determine the specific sampling strategy for the interview component (e.g., purposive, convenience sampling)."",
      ""prerequisites"": [
        4
      ]
    },
    {
      ""id"": 7,
      ""description"": ""Specify clear inclusion and exclusion criteria for participants in both the survey and interview components."",
      ""prerequisites"": [
        4
      ]
    },
    {
      ""id"": 8,
      ""description"": ""Estimate the target sample size for the survey component, providing a rationale."",
      ""prerequisites"": [
        5
      ]
    },
    {
      ""id"": 9,
      ""description"": ""Estimate the target number of participants for the interview component, providing a rationale (e.g., aiming for saturation)."",
      ""prerequisites"": [
        6
      ]
    },
    {
      ""id"": 10,
      ""description"": ""Draft the content of the survey questionnaire, including question types (e.g., Likert scales, multiple choice, open-ended)."",
      ""prerequisites"": []
    },
    {
      ""id"": 11,
      ""description"": ""Draft the interview protocol, including a list of open-ended questions and potential probes."",
      ""prerequisites"": []
    },
    {
      ""id"": 12,
      ""description"": ""Describe the detailed procedure for administering and collecting the surveys (e.g., online platform, in-person distribution, duration)."",
      ""prerequisites"": [
        5,
        10
      ]
    },
    {
      ""id"": 13,
      ""description"": ""Describe the detailed procedure for conducting the interviews (e.g., location, recording method, estimated duration, interviewer training)."",
      ""prerequisites"": [
        6,
        11
      ]
    },
    {
      ""id"": 14,
      ""description"": ""Outline the plan for data management, including how collected data will be stored, organized, and backed up."",
      ""prerequisites"": []
    },
    {
      ""id"": 15,
      ""description"": ""Specify the quantitative data analysis methods to be used for the survey data (e.g., descriptive statistics, inferential tests like t-tests, ANOVA, correlation)."",
      ""prerequisites"": [
        10
      ]
    },
    {
      ""id"": 16,
      ""description"": ""Specify the qualitative data analysis methods to be used for the interview data (e.g., thematic analysis, content analysis, coding procedures)."",
      ""prerequisites"": [
        11
      ]
    },
    {
      ""id"": 17,
      ""description"": ""Identify the specific software or tools that will be used for quantitative data analysis (e.g., SPSS, R, Excel)."",
      ""prerequisites"": [
        15
      ]
    },
    {
      ""id"": 18,
      ""description"": ""Identify the specific software or tools that will be used for qualitative data analysis (e.g., NVivo, ATLAS.ti, manual coding)."",
      ""prerequisites"": [
        16
      ]
    },
    {
      ""id"": 19,
      ""description"": ""Address the requirement for Institutional Review Board (IRB) approval for research involving human subjects."",
      ""prerequisites"": []
    },
    {
      ""id"": 20,
      ""description"": ""Detail the informed consent process, including what information will be provided to participants and how consent will be obtained."",
      ""prerequisites"": [
        19
      ]
    },
    {
      ""id"": 21,
      ""description"": ""Explain measures taken to ensure participant anonymity and data confidentiality."",
      ""prerequisites"": [
        19
      ]
    },
    {
      ""id"": 22,
      ""description"": ""Write the introductory paragraph for the methodology section, providing an overview of the research approach."",
      ""prerequisites"": [
        1,
        2
      ]
    },
    {
      ""id"": 23,
      ""description"": ""Draft the 'Research Design' sub-section, incorporating the definition and justification of the mixed-methods approach."",
      ""prerequisites"": [
        3
      ]
    },
    {
      ""id"": 24,
      ""description"": ""Draft the 'Participants' sub-section, detailing the target population, sampling strategies, inclusion/exclusion criteria, and estimated sample sizes."",
      ""prerequisites"": [
        7,
        8,
        9
      ]
    },
    {
      ""id"": 25,
      ""description"": ""Draft the 'Data Collection Instruments' sub-section, describing the survey questionnaire and interview protocol."",
      ""prerequisites"": [
        10,
        11
      ]
    },
    {
      ""id"": 26,
      ""description"": ""Draft the 'Data Collection Procedures' sub-section, explaining the administration of surveys, conduct of interviews, and data management plan."",
      ""prerequisites"": [
        12,
        13,
        14
      ]
    },
    {
      ""id"": 27,
      ""description"": ""Draft the 'Data Analysis' sub-section, outlining both quantitative and qualitative analysis methods and the software/tools used."",
      ""prerequisites"": [
        17,
        18
      ]
    },
    {
      ""id"": 28,
      ""description"": ""Draft the 'Ethical Considerations' sub-section, covering IRB approval, informed consent, anonymity, and confidentiality."",
      ""prerequisites"": [
        20,
        21
      ]
    },
    {
      ""id"": 29,
      ""description"": ""Review and refine the entire methodology section for clarity, coherence, logical flow, and completeness."",
      ""prerequisites"": [
        22,
        23,
        24,
        25,
        26,
        27,
        28
      ]
    },
    {
      ""id"": 30,
      ""description"": ""Format the methodology section according to the specific guidelines of the research paper (e.g., APA, MLA, Chicago)."",
      ""prerequisites"": [
        29
      ]
    }
  ]
}",,,,,
R055,S3-P10,"I just got my draft of the Introduction chapter back from my thesis adviser, and I am overwhelmed by the required revisions. The adviser left three main comments: 1) The research gap is not clearly explicitly stated, 2) The transition between the background context and the problem statement is abrupt and confusing, and 3) I need to incorporate at least three more recent sources (published between 2024-2026) to justify the severity of the problem. Break this revision process down into actionable microtasks so I can tackle these edits without panicking, noting which microtasks depend on others and which can be worked on independently.","{""microtasks"": [{""id"": 1, ""description"": ""List the specific limitations or unanswered questions identified in the current draft to define the research gap."", ""prerequisites"": []}, {""id"": 2, ""description"": ""Draft an explicit statement of the research gap based on the identified limitations."", ""prerequisites"": [1]}, {""id"": 3, ""description"": ""Integrate the drafted research gap statement into the Introduction text."", ""prerequisites"": [2]}, {""id"": 4, ""description"": ""Identify the exact sentence where the background context ends and the problem statement begins."", ""prerequisites"": []}, {""id"": 5, ""description"": ""Draft a transitional sentence or paragraph to bridge the background context and the problem statement."", ""prerequisites"": [4]}, {""id"": 6, ""description"": ""Replace the existing abrupt transition with the new drafted bridging text."", ""prerequisites"": [5]}, {""id"": 7, ""description"": ""Search academic databases for sources published between 2024 and 2026 regarding the severity of the problem."", ""prerequisites"": []}, {""id"": 8, ""description"": ""Select three relevant sources from the search results."", ""prerequisites"": [7]}, {""id"": 9, ""description"": ""Extract key evidence or statistics from the three selected sources to justify problem severity."", ""prerequisites"": [8]}, {""id"": 10, ""description"": ""Draft new sentences incorporating the extracted evidence into the problem statement section."", ""prerequisites"": [9]}, {""id"": 11, ""description"": ""Insert the new sentences and their corresponding citations into the Introduction draft."", ""prerequisites"": [10]}]}",,,,,
R056,S3-P2,"I need to write Chapter 1 of a research paper on social media's effects on teenagers. The paper examines how social media use affects teenagers' mental health and academic performance. Chapter 1 consists of four sections: Background of the Study, Research Objectives, Scope and Limitations, and Significance of the Study. Break this chapter down into microtasks I can execute one at a time, noting which microtasks depend on others and which can be worked on independently.","{
  ""microtasks"": [
    {
      ""id"": 1,
      ""description"": ""Outline the main points to cover in the 'Background of the Study' section."",
      ""prerequisites"": []
    },
    {
      ""id"": 2,
      ""description"": ""Gather initial statistics on social media usage among teenagers."",
      ""prerequisites"": []
    },
    {
      ""id"": 3,
      ""description"": ""Gather initial information on common mental health challenges faced by teenagers."",
      ""prerequisites"": []
    },
    {
      ""id"": 4,
      ""description"": ""Gather initial information on factors affecting academic performance in teenagers."",
      ""prerequisites"": []
    },
    {
      ""id"": 5,
      ""description"": ""Draft an introductory paragraph for the 'Background of the Study' section, introducing social media and teenagers."",
      ""prerequisites"": [
        1
      ]
    },
    {
      ""id"": 6,
      ""description"": ""Draft paragraphs discussing the general context of social media use and its prevalence among teenagers."",
      ""prerequisites"": [
        2,
        5
      ]
    },
    {
      ""id"": 7,
      ""description"": ""Draft paragraphs connecting social media use to potential mental health effects in teenagers."",
      ""prerequisites"": [
        3,
        6
      ]
    },
    {
      ""id"": 8,
      ""description"": ""Draft paragraphs connecting social media use to potential academic performance effects in teenagers."",
      ""prerequisites"": [
        4,
        6
      ]
    },
    {
      ""id"": 9,
      ""description"": ""Draft a concluding paragraph for the 'Background of the Study' section, leading to the research problem."",
      ""prerequisites"": [
        7,
        8
      ]
    },
    {
      ""id"": 10,
      ""description"": ""Review and refine the 'Background of the Study' section for clarity, flow, and completeness."",
      ""prerequisites"": [
        9
      ]
    },
    {
      ""id"": 11,
      ""description"": ""Brainstorm preliminary research questions based on the problem identified in the 'Background of the Study'."",
      ""prerequisites"": [
        10
      ]
    },
    {
      ""id"": 12,
      ""description"": ""Formulate specific research objectives related to social media's effects on teenagers' mental health."",
      ""prerequisites"": [
        11
      ]
    },
    {
      ""id"": 13,
      ""description"": ""Formulate specific research objectives related to social media's effects on teenagers' academic performance."",
      ""prerequisites"": [
        11
      ]
    },
    {
      ""id"": 14,
      ""description"": ""Draft the 'Research Objectives' section, listing the formulated objectives clearly."",
      ""prerequisites"": [
        12,
        13
      ]
    },
    {
      ""id"": 15,
      ""description"": ""Review and refine the 'Research Objectives' section for specificity, measurability, and alignment with the background."",
      ""prerequisites"": [
        14
      ]
    },
    {
      ""id"": 16,
      ""description"": ""Define the target population for the study (e.g., age range, geographical area)."",
      ""prerequisites"": [
        15
      ]
    },
    {
      ""id"": 17,
      ""description"": ""Define the specific aspects of social media use to be examined (e.g., platforms, frequency, type of content)."",
      ""prerequisites"": [
        15
      ]
    },
    {
      ""id"": 18,
      ""description"": ""Define the specific mental health indicators to be focused on (e.g., anxiety, depression, self-esteem)."",
      ""prerequisites"": [
        15
      ]
    },
    {
      ""id"": 19,
      ""description"": ""Define the specific academic performance indicators to be focused on (e.g., grades, concentration, study habits)."",
      ""prerequisites"": [
        15
      ]
    },
    {
      ""id"": 20,
      ""description"": ""Identify potential limitations of the study (e.g., methodology, sample size, generalizability)."",
      ""prerequisites"": [
        15
      ]
    },
    {
      ""id"": 21,
      ""description"": ""Draft the 'Scope of the Study' subsection, detailing what the research will cover."",
      ""prerequisites"": [
        16,
        17,
        18,
        19
      ]
    },
    {
      ""id"": 22,
      ""description"": ""Draft the 'Limitations of the Study' subsection, acknowledging potential constraints."",
      ""prerequisites"": [
        20
      ]
    },
    {
      ""id"": 23,
      ""description"": ""Review and refine the 'Scope and Limitations' section for clarity and comprehensiveness."",
      ""prerequisites"": [
        21,
        22
      ]
    },
    {
      ""id"": 24,
      ""description"": ""Brainstorm potential beneficiaries of the study's findings (e.g., teenagers, parents, educators, policymakers)."",
      ""prerequisites"": [
        15
      ]
    },
    {
      ""id"": 25,
      ""description"": ""Draft paragraphs explaining the significance of the study for teenagers and their mental health/academic performance."",
      ""prerequisites"": [
        24
      ]
    },
    {
      ""id"": 26,
      ""description"": ""Draft paragraphs explaining the significance of the study for parents and educators."",
      ""prerequisites"": [
        24
      ]
    },
    {
      ""id"": 27,
      ""description"": ""Draft paragraphs explaining the significance of the study for policymakers and future researchers."",
      ""prerequisites"": [
        24
      ]
    },
    {
      ""id"": 28,
      ""description"": ""Draft the 'Significance of the Study' section, integrating all beneficiary perspectives."",
      ""prerequisites"": [
        25,
        26,
        27
      ]
    },
    {
      ""id"": 29,
      ""description"": ""Review and refine the 'Significance of the Study' section for impact and clarity."",
      ""prerequisites"": [
        28
      ]
    },
    {
      ""id"": 30,
      ""description"": ""Read through the entire Chapter 1 to ensure coherence, logical flow, and consistency across all sections."",
      ""prerequisites"": [
        10,
        15,
        23,
        29
      ]
    },
    {
      ""id"": 31,
      ""description"": ""Format Chapter 1 according to required academic guidelines (e.g., headings, citations if any, spacing)."",
      ""prerequisites"": [
        30
      ]
    }
  ]
}",,,,,
R057,S3-P4,"I am tasked with writing the methodology section for a research paper on the effects of social media on teenagers, in which we will be surveying and interviewing undergraduate students within our college. Break this down into microtasks that are simple to understand and initiate, noting which microtasks depend on others and which can be worked on independently.","{
  ""microtasks"": [
    {
      ""id"": 1,
      ""description"": ""Write the overview of the research design, explaining the choice of a mixed-methods (survey and interview) approach."",
      ""prerequisites"": []
    },
    {
      ""id"": 2,
      ""description"": ""Describe the target population (undergraduate students) and the specific college setting where the study takes place."",
      ""prerequisites"": []
    },
    {
      ""id"": 3,
      ""description"": ""Draft the description of the survey instrument, including the types of questions, scales used, and variables measured."",
      ""prerequisites"": [1]
    },
    {
      ""id"": 4,
      ""description"": ""Detail the sampling strategy and recruitment process for the survey participants."",
      ""prerequisites"": [2]
    },
    {
      ""id"": 5,
      ""description"": ""Describe the step-by-step data collection procedure for the survey (e.g., online platform, distribution timeline)."",
      ""prerequisites"": [3, 4]
    },
    {
      ""id"": 6,
      ""description"": ""Outline the statistical analysis plan for the survey data, specifying any software and statistical tests to be used."",
      ""prerequisites"": [3]
    },
    {
      ""id"": 7,
      ""description"": ""Draft the description of the semi-structured interview protocol, including key themes and sample questions."",
      ""prerequisites"": [1]
    },
    {
      ""id"": 8,
      ""description"": ""Detail the selection criteria and recruitment process for the interview participants."",
      ""prerequisites"": [2]
    },
    {
      ""id"": 9,
      ""description"": ""Describe the interview data collection procedure, including recording, transcription, and setting."",
      ""prerequisites"": [7, 8]
    },
    {
      ""id"": 10,
      ""description"": ""Outline the qualitative analysis plan for the interview transcripts, specifying the coding method (e.g., thematic analysis)."",
      ""prerequisites"": [7]
    },
    {
      ""id"": 11,
      ""description"": ""Write the ethical considerations section, covering informed consent, participant anonymity, and institutional review board (IRB) approval."",
      ""prerequisites"": []
    },
    {
      ""id"": 12,
      ""description"": ""Describe how the quantitative (survey) and qualitative (interview) findings will be integrated or triangulated in the study."",
      ""prerequisites"": [6, 10]
    },
    {
      ""id"": 13,
      ""description"": ""Draft the introductory subsection of the methodology, combining the research design and participant context."",
      ""prerequisites"": [1, 2]
    },
    {
      ""id"": 14,
      ""description"": ""Draft the quantitative methodology subsection, combining the survey instrument, recruitment, collection, and analysis details."",
      ""prerequisites"": [5, 6]
    },
    {
      ""id"": 15,
      ""description"": ""Draft the qualitative methodology subsection, combining the interview protocol, recruitment, collection, and analysis details."",
      ""prerequisites"": [9, 10]
    },
    {
      ""id"": 16,
      ""description"": ""Draft the final subsections covering ethical considerations and data integration."",
      ""prerequisites"": [11, 12]
    },
    {
      ""id"": 17,
      ""description"": ""Review, edit, and format the entire methodology section for flow, academic tone, and consistency."",
      ""prerequisites"": [13, 14, 15, 16]
    }
  ]
}",,,,,
R058,S3-P7,I have to write something about procrastination and self-regulation in college students for my research paper but I'm not sure what part to focus on yet. Help me figure out what to do next.,"{
  ""microtasks"": [
    {
      ""id"": 1,
      ""description"": ""Search academic databases (e.g., Google Scholar) for 3-5 recent review articles on procrastination and self-regulation in college students."",
      ""prerequisites"": []
    },
    {
      ""id"": 2,
      ""description"": ""Read the abstracts and introductions of the retrieved articles to identify recurring themes, variables, or theoretical frameworks."",
      ""prerequisites"": [1]
    },
    {
      ""id"": 3,
      ""description"": ""Draft a list of 3 distinct potential research angles or specific sub-topics (e.g., the impact of digital distractions, emotional regulation, or academic performance)."",
      ""prerequisites"": [2]
    },
    {
      ""id"": 4,
      ""description"": ""Evaluate the 3 potential angles against scope, resource availability, and personal interest to select one final focus."",
      ""prerequisites"": [3]
    },
    {
      ""id"": 5,
      ""description"": ""Formulate a specific, testable working thesis statement or primary research question based on the selected focus."",
      ""prerequisites"": [4]
    },
    {
      ""id"": 6,
      ""description"": ""Conduct a targeted literature search to find 8-10 peer-reviewed sources directly addressing the chosen thesis or research question."",
      ""prerequisites"": [5]
    },
    {
      ""id"": 7,
      ""description"": ""Create a preliminary outline of the research paper, mapping out the main sections (Introduction, Literature Review, Analysis/Discussion, Conclusion)."",
      ""prerequisites"": [5]
    },
    {
      ""id"": 8,
      ""description"": ""Extract key arguments, methodologies, and findings from the 8-10 sources and organize them under the relevant sections of the outline."",
      ""prerequisites"": [6, 7]
    }
  ]
}",,,,,
R059,S3-P9,"I need to write the Conclusion and Recommendations chapter for our research paper on reward-based habit formation among working professionals. The chapter should summarize key findings from our results, discuss implications for employers and HR practitioners, acknowledge study limitations, and suggest directions for future research. Break this down into microtasks. I can complete one at a time, noting which microtasks depend on others and which can be worked on independently.","{""microtasks"": [{""id"": 1, ""description"": ""Review Results and Discussion chapters to extract core findings."", ""prerequisites"": []}, {""id"": 2, ""description"": ""Draft the summary of key findings."", ""prerequisites"": [1]}, {""id"": 3, ""description"": ""List specific implications for employers."", ""prerequisites"": [1]}, {""id"": 4, ""description"": ""List specific implications for HR practitioners."", ""prerequisites"": [1]}, {""id"": 5, ""description"": ""Write the implications section."", ""prerequisites"": [3, 4]}, {""id"": 6, ""description"": ""List study limitations."", ""prerequisites"": []}, {""id"": 7, ""description"": ""Write the limitations section."", ""prerequisites"": [6]}, {""id"": 8, ""description"": ""Brainstorm future research directions based on findings and limitations."", ""prerequisites"": [1, 6]}, {""id"": 9, ""description"": ""Write the future research section."", ""prerequisites"": [8]}, {""id"": 10, ""description"": ""Draft the final concluding statement."", ""prerequisites"": [2, 5, 7, 9]}, {""id"": 11, ""description"": ""Perform a final review of the entire chapter for coherence and academic tone."", ""prerequisites"": [10]}]}",,,,,
R060,S3-P2,"I need to write Chapter 1 of a research paper on social media's effects on teenagers. The paper examines how social media use affects teenagers' mental health and academic performance. Chapter 1 consists of four sections: Background of the Study, Research Objectives, Scope and Limitations, and Significance of the Study. Break this chapter down into microtasks I can execute one at a time, noting which microtasks depend on others and which can be worked on independently.","{""microtasks"": [{""id"": 1, ""description"": ""Draft the primary research questions and specific research objectives regarding social media's effects on teenagers' mental health and academic performance."", ""prerequisites"": []}, {""id"": 2, ""description"": ""Search academic databases and gather 3-5 key sources/statistics on teenage social media use and its relationship with mental health."", ""prerequisites"": []}, {""id"": 3, ""description"": ""Search academic databases and gather 3-5 key sources/statistics on teenage social media use and its relationship with academic performance."", ""prerequisites"": []}, {""id"": 4, ""description"": ""Create a detailed outline for the 'Background of the Study' section, structuring the flow from broad social media trends to specific impacts."", ""prerequisites"": [2, 3]}, {""id"": 5, ""description"": ""Write the introductory paragraphs of the 'Background of the Study' section, establishing the global context of teenage social media usage."", ""prerequisites"": [4]}, {""id"": 6, ""description"": ""Write the subsection of the 'Background of the Study' focusing on the mental health impacts, integrating the gathered sources."", ""prerequisites"": [2, 4]}, {""id"": 7, ""description"": ""Write the subsection of the 'Background of the Study' focusing on the academic performance impacts, integrating the gathered sources."", ""prerequisites"": [3, 4]}, {""id"": 8, ""description"": ""Write the concluding paragraph of the 'Background of the Study' section, clearly identifying the research gap your study aims to fill."", ""prerequisites"": [5, 6, 7]}, {""id"": 9, ""description"": ""Format and write the formal 'Research Objectives' section, listing the general objective and the specific, measurable objectives."", ""prerequisites"": [1]}, {""id"": 10, ""description"": ""Define the parameters for the 'Scope' of the study, including target demographic, specific social media platforms, geographical location, and time frame."", ""prerequisites"": [1]}, {""id"": 11, ""description"": ""Identify the potential 'Limitations' of the study, such as self-reporting bias, sample size constraints, or methodological boundaries."", ""prerequisites"": [10]}, {""id"": 12, ""description"": ""Draft the complete 'Scope and Limitations' section by combining the defined scope and identified limitations into a cohesive narrative."", ""prerequisites"": [10, 11]}, {""id"": 13, ""description"": ""Identify the key stakeholders who will benefit from this research (e.g., teenagers, parents, educators, mental health professionals, future researchers)."", ""prerequisites"": [1]}, {""id"": 14, ""description"": ""Draft the 'Significance of the Study' section, detailing the specific practical or theoretical contributions of the research for each identified stakeholder."", ""prerequisites"": [13]}, {""id"": 15, ""description"": ""Review, edit, and assemble all four sections (Background, Objectives, Scope/Limitations, Significance) into a cohesive Chapter 1 draft, ensuring smooth transitions and academic tone."", ""prerequisites"": [8, 9, 12, 14]}]}",,,,,
R061,S3-P8,"I need to write the Results and Discussion chapter for a research paper on group conformity in decision-making among university students. We ran a controlled group experiment with 80 participants and found that individuals were significantly more likely to change their answer when exposed to unanimous incorrect group responses, along with several recurring themes from follow-up interviews about social pressure. Break this down into microtasks for presenting the quantitative results, discussing the qualitative themes, and connecting both back to the research questions, noting which microtasks depend on others and which can be worked on independently.","{
  ""microtasks"": [
    {
      ""id"": 1,
      ""description"": ""Create a preliminary outline for the 'Results and Discussion' chapter, including main headings and subheadings."",
      ""prerequisites"": []
    },
    {
      ""id"": 2,
      ""description"": ""Prepare all necessary tables and figures (e.g., descriptive statistics, inferential test results) for the quantitative results section."",
      ""prerequisites"": []
    },
    {
      ""id"": 3,
      ""description"": ""Review interview transcripts or notes to identify and consolidate recurring qualitative themes related to social pressure."",
      ""prerequisites"": []
    },
    {
      ""id"": 4,
      ""description"": ""Select compelling and representative quotes from the interviews to illustrate each identified qualitative theme."",
      ""prerequisites"": [
        3
      ]
    },
    {
      ""id"": 5,
      ""description"": ""Draft an introductory paragraph for the quantitative results section, briefly stating what findings will be presented."",
      ""prerequisites"": [
        1
      ]
    },
    {
      ""id"": 6,
      ""description"": ""Write paragraphs presenting the descriptive statistics of the participant sample and initial responses."",
      ""prerequisites"": [
        2,
        5
      ]
    },
    {
      ""id"": 7,
      ""description"": ""Write paragraphs detailing the inferential statistical analysis, focusing on the significant likelihood of answer change when exposed to unanimous incorrect group responses."",
      ""prerequisites"": [
        2,
        6
      ]
    },
    {
      ""id"": 8,
      ""description"": ""Write a brief summary paragraph for the quantitative results section, reiterating the key findings."",
      ""prerequisites"": [
        7
      ]
    },
    {
      ""id"": 9,
      ""description"": ""Draft an introductory paragraph for the qualitative results section, explaining the method of analysis and what themes will be presented."",
      ""prerequisites"": [
        1
      ]
    },
    {
      ""id"": 10,
      ""description"": ""Describe the first recurring qualitative theme identified from the interviews, supported by selected quotes."",
      ""prerequisites"": [
        4,
        9
      ]
    },
    {
      ""id"": 11,
      ""description"": ""Describe the second recurring qualitative theme identified from the interviews, supported by selected quotes."",
      ""prerequisites"": [
        4,
        10
      ]
    },
    {
      ""id"": 12,
      ""description"": ""Describe the third recurring qualitative theme identified from the interviews, supported by selected quotes."",
      ""prerequisites"": [
        4,
        11
      ]
    },
    {
      ""id"": 13,
      ""description"": ""Write a brief summary paragraph for the qualitative results section, reiterating the key themes."",
      ""prerequisites"": [
        12
      ]
    },
    {
      ""id"": 14,
      ""description"": ""Draft an introductory paragraph for the Discussion section, briefly restating the main purpose of the study and previewing the discussion points."",
      ""prerequisites"": [
        8,
        13
      ]
    },
    {
      ""id"": 15,
      ""description"": ""Discuss the quantitative findings, interpreting their meaning in the context of group conformity and relating them back to the research questions."",
      ""prerequisites"": [
        8,
        14
      ]
    },
    {
      ""id"": 16,
      ""description"": ""Discuss the qualitative findings, interpreting their implications for understanding social pressure and relating them back to the research questions."",
      ""prerequisites"": [
        13,
        14
      ]
    },
    {
      ""id"": 17,
      ""description"": ""Integrate the quantitative and qualitative findings, discussing how they complement, explain, or contrast with each other."",
      ""prerequisites"": [
        15,
        16
      ]
    },
    {
      ""id"": 18,
      ""description"": ""Identify and discuss the limitations of the study (e.g., sample size, specific context, experimental design)."",
      ""prerequisites"": [
        17
      ]
    },
    {
      ""id"": 19,
      ""description"": ""Propose directions for future research based on the study's findings and limitations."",
      ""prerequisites"": [
        18
      ]
    },
    {
      ""id"": 20,
      ""description"": ""Write a concluding paragraph for the entire 'Results and Discussion' chapter, summarizing the main contributions and broader implications."",
      ""prerequisites"": [
        19
      ]
    },
    {
      ""id"": 21,
      ""description"": ""Review the entire 'Results and Discussion' chapter for overall coherence, logical flow, and smooth transitions between sections."",
      ""prerequisites"": [
        20
      ]
    },
    {
      ""id"": 22,
      ""description"": ""Check for consistency in terminology, formatting, and citation style throughout the chapter."",
      ""prerequisites"": [
        21
      ]
    },
    {
      ""id"": 23,
      ""description"": ""Proofread the chapter for grammar, spelling, punctuation, and typographical errors."",
      ""prerequisites"": [
        22
      ]
    }
  ]
}",,,,,
R062,S3-P5,I am writing the scope and limitations section for our research paper on peer pressure and risk-taking behavior among adolescents. We will only have high school students from our partner schools as participants. Another limitation is that we are not measuring long-term behavioral outcomes beyond the school year. Create microtasks that I can accomplish procedurally to complete this section of the paper.,"{""microtasks"": [{""id"": 1, ""description"": ""Review existing literature on peer pressure and adolescent risk\u2011taking behavior to identify typical research scopes and limitation reporting practices."", ""prerequisites"": []}, {""id"": 2, ""description"": ""Define the specific research focus for the study (e.g., immediate peer\u2011influenced risk decisions in high\u2011school settings)."", ""prerequisites"": [1]}, {""id"": 3, ""description"": ""Identify and list the inclusion criteria for participants (high\u2011school students from partner schools)."", ""prerequisites"": [2]}, {""id"": 4, ""description"": ""Document the limitations associated with the participant pool (e.g., limited geographic diversity, school\u2011specific policies)."", ""prerequisites"": [3]}, {""id"": 5, ""description"": ""Define the study timeframe (one school year) and note the limitation of not measuring long\u2011term behavioral outcomes."", ""prerequisites"": [4]}, {""id"": 6, ""description"": ""Write the Scope subsection: introduce research focus, describe the target population, and outline the contextual boundaries of the study."", ""prerequisites"": [2,3]}, {""id"": 7, ""description"": ""Write the Limitations subsection addressing participant sample constraints (e.g., limited to partner schools)."", ""prerequisites"": [4]}, {""id"": 8, ""description"": ""Write the Limitations subsection addressing temporal constraints (e.g., lack of long\u2011term follow\u2011up)."", ""prerequisites"": [5]}, {""id"": 9, ""description"": ""Integrate the drafted Scope and Limitations sections into the paper structure, placing them after the introduction and before the methodology."", ""prerequisites"": [6,7,8]}, {""id"": 10, ""description"": ""Review and edit the Scope and Limitations sections for clarity, coherence, and alignment with the overall research objectives."", ""prerequisites"": [9]}, {""id"": 11, ""description"": ""Add and verify citations for all statements made in the Scope and Limitations sections."", ""prerequisites"": [10]}, {""id"": 12, ""description"": ""Finalize formatting of the Scope and Limitations sections according to journal/style guidelines (headings, word limits, reference style)."", ""prerequisites"": [11]}]}",,,,,
R063,S3-P2,"I need to write Chapter 1 of a research paper on social media's effects on teenagers. The paper examines how social media use affects teenagers' mental health and academic performance. Chapter 1 consists of four sections: Background of the Study, Research Objectives, Scope and Limitations, and Significance of the Study. Break this chapter down into microtasks I can execute one at a time, noting which microtasks depend on others and which can be worked on independently.","{""microtasks"": [{""id"": 1, ""description"": ""Research existing literature and statistics regarding social media's impact on teenage mental health."", ""prerequisites"": []}, {""id"": 2, ""description"": ""Research existing literature and statistics regarding social media's impact on teenage academic performance."", ""prerequisites"": []}, {""id"": 3, ""description"": ""Write the Background of the Study section using gathered research."", ""prerequisites"": [1, 2]}, {""id"": 4, ""description"": ""Formulate the central research question for the study."", ""prerequisites"": [3]}, {""id"": 5, ""description"": ""Draft specific research objectives related to mental health."", ""prerequisites"": [4]}, {""id"": 6, ""description"": ""Draft specific research objectives related to academic performance."", ""prerequisites"": [4]}, {""id"": 7, ""description"": ""Write the Research Objectives section."", ""prerequisites"": [5, 6]}, {""id"": 8, ""description"": ""Define the demographic and geographic scope of the study."", ""prerequisites"": [4]}, {""id"": 9, ""description"": ""Define the specific variables and timeframes to be studied."", ""prerequisites"": [4]}, {""id"": 10, ""description"": ""Identify potential methodological and practical limitations of the research."", ""prerequisites"": [8, 9]}, {""id"": 11, ""description"": ""Write the Scope and Limitations section."", ""prerequisites"": [8, 9, 10]}, {""id"": 12, ""description"": ""Identify key stakeholders who will benefit from the research (e.g., parents, educators, policymakers)."", ""prerequisites"": [4]}, {""id"": 13, ""description"": ""Draft the specific practical implications for each identified stakeholder."", ""prerequisites"": [12]}, {""id"": 14, ""description"": ""Write the Significance of the Study section."", ""prerequisites"": [13]}]}",,,,,
R064,S3-P9,"I need to write the Conclusion and Recommendations chapter for our research paper on reward-based habit formation among working professionals. The chapter should summarize key findings from our results, discuss implications for employers and HR practitioners, acknowledge study limitations, and suggest directions for future research. Break this down into microtasks. I can complete one at a time, noting which microtasks depend on others and which can be worked on independently.","{""microtasks"": [{""id"": 1, ""description"": ""Review Results and Discussion chapters to extract core findings."", ""prerequisites"": []}, {""id"": 2, ""description"": ""Draft the summary of key findings."", ""prerequisites"": [1]}, {""id"": 3, ""description"": ""List specific implications for employers."", ""prerequisites"": [1]}, {""id"": 4, ""description"": ""List specific implications for HR practitioners."", ""prerequisites"": [1]}, {""id"": 5, ""description"": ""Write the implications section."", ""prerequisites"": [3, 4]}, {""id"": 6, ""description"": ""List study limitations."", ""prerequisites"": []}, {""id"": 7, ""description"": ""Write the limitations section."", ""prerequisites"": [6]}, {""id"": 8, ""description"": ""Brainstorm future research directions based on findings and limitations."", ""prerequisites"": [1, 6]}, {""id"": 9, ""description"": ""Write the future research section."", ""prerequisites"": [8]}, {""id"": 10, ""description"": ""Draft the final concluding statement."", ""prerequisites"": [2, 5, 7, 9]}, {""id"": 11, ""description"": ""Perform a final review of the entire chapter for coherence and academic tone."", ""prerequisites"": [10]}]}",,,,,
R065,S3-P1,I need to write the Background of the Study section for a research paper on the effects of social media use on teenagers. The paper argues that excessive social media use is linked to increased anxiety and lower self-esteem among teenagers. Break this down into microtasks I can start working on immediately.,"{
  ""microtasks"": [
    {
      ""id"": 1,
      ""description"": ""Understand the purpose and scope of the 'Background of the Study' section for a research paper."",
      ""prerequisites"": []
    },
    {
      ""id"": 2,
      ""description"": ""Identify key terms for literature search related to social media, teenagers, anxiety, self-esteem, and excessive use."",
      ""prerequisites"": []
    },
    {
      ""id"": 3,
      ""description"": ""Conduct a preliminary literature search on the prevalence and general patterns of social media use among teenagers."",
      ""prerequisites"": []
    },
    {
      ""id"": 4,
      ""description"": ""Conduct a preliminary literature search on the general impact of social media on teenagers' well-being."",
      ""prerequisites"": []
    },
    {
      ""id"": 5,
      ""description"": ""Conduct a preliminary literature search specifically on the link between social media use and anxiety in teenagers."",
      ""prerequisites"": []
    },
    {
      ""id"": 6,
      ""description"": ""Conduct a preliminary literature search specifically on the link between social media use and self-esteem in teenagers."",
      ""prerequisites"": []
    },
    {
      ""id"": 7,
      ""description"": ""Conduct a preliminary literature search for definitions or conceptualizations of 'excessive social media use' in the context of teenagers."",
      ""prerequisites"": []
    },
    {
      ""id"": 8,
      ""description"": ""Create a high-level outline for the 'Background of the Study' section, including main topics and their logical flow."",
      ""prerequisites"": [
        1
      ]
    },
    {
      ""id"": 9,
      ""description"": ""Draft an opening paragraph introducing social media and its widespread adoption among teenagers."",
      ""prerequisites"": [
        3
      ]
    },
    {
      ""id"": 10,
      ""description"": ""Draft a paragraph describing the general context of social media use among teenagers, including common platforms and usage patterns."",
      ""prerequisites"": [
        3
      ]
    },
    {
      ""id"": 11,
      ""description"": ""Draft a paragraph defining or contextualizing 'excessive social media use' based on literature."",
      ""prerequisites"": [
        7
      ]
    },
    {
      ""id"": 12,
      ""description"": ""Draft a paragraph introducing the emerging concerns about social media's potential negative impacts on adolescent mental health."",
      ""prerequisites"": [
        4
      ]
    },
    {
      ""id"": 13,
      ""description"": ""Draft a paragraph specifically introducing anxiety as a concern related to social media use among teenagers, integrating initial findings."",
      ""prerequisites"": [
        5,
        12
      ]
    },
    {
      ""id"": 14,
      ""description"": ""Draft a paragraph specifically introducing lower self-esteem as a concern related to social media use among teenagers, integrating initial findings."",
      ""prerequisites"": [
        6,
        12
      ]
    },
    {
      ""id"": 15,
      ""description"": ""Draft a paragraph synthesizing the existing literature on social media and anxiety, highlighting key findings and unresolved questions."",
      ""prerequisites"": [
        13
      ]
    },
    {
      ""id"": 16,
      ""description"": ""Draft a paragraph synthesizing the existing literature on social media and self-esteem, highlighting key findings and unresolved questions."",
      ""prerequisites"": [
        14
      ]
    },
    {
      ""id"": 17,
      ""description"": ""Draft a paragraph that connects the synthesized literature to the specific argument of the paper (excessive use, anxiety, self-esteem), setting up the need for the current study."",
      ""prerequisites"": [
        11,
        15,
        16
      ]
    },
    {
      ""id"": 18,
      ""description"": ""Review the entire 'Background of the Study' section for overall coherence, logical flow, and clarity."",
      ""prerequisites"": [
        9,
        10,
        17
      ]
    },
    {
      ""id"": 19,
      ""description"": ""Check that all claims are supported by evidence and properly cited."",
      ""prerequisites"": [
        18
      ]
    },
    {
      ""id"": 20,
      ""description"": ""Proofread the section for grammar, spelling, punctuation, and formatting errors."",
      ""prerequisites"": [
        19
      ]
    }
  ]
}",,,,,
R066,S3-P3,"I need to write the Significance of the Study section for a research paper on sleep deprivation and academic performance among undergraduate students. The section needs to address significance to the academic community, to university administrators, and to student health services. Give me the most granular breakdown of microtasks possible for writing this section.","{
  ""microtasks"": [
    {
      ""id"": 1,
      ""description"": ""List specific gaps in existing literature on undergraduate sleep deprivation that this study addresses."",
      ""prerequisites"": []
    },
    {
      ""id"": 2,
      ""description"": ""List potential policy, scheduling, or housing changes university administrators could implement based on this study's findings."",
      ""prerequisites"": []
    },
    {
      ""id"": 3,
      ""description"": ""List specific wellness campaigns, counseling interventions, or educational programs student health services could develop using this study's findings."",
      ""prerequisites"": []
    },
    {
      ""id"": 4,
      ""description"": ""Draft the opening paragraph of the Significance of the Study section to establish the overall purpose and scope."",
      ""prerequisites"": []
    },
    {
      ""id"": 5,
      ""description"": ""Draft the paragraph detailing the study's theoretical contribution to the academic community."",
      ""prerequisites"": [1, 4]
    },
    {
      ""id"": 6,
      ""description"": ""Draft the paragraph detailing the practical implications for university administrators."",
      ""prerequisites"": [2, 4]
    },
    {
      ""id"": 7,
      ""description"": ""Draft the paragraph detailing the clinical or wellness implications for student health services."",
      ""prerequisites"": [3, 4]
    },
    {
      ""id"": 8,
      ""description"": ""Integrate the drafted paragraphs into a single cohesive section."",
      ""prerequisites"": [5, 6, 7]
    },
    {
      ""id"": 9,
      ""description"": ""Revise the transitions between the academic, administrative, and health services subsections for smooth flow."",
      ""prerequisites"": [8]
    },
    {
      ""id"": 10,
      ""description"": ""Proofread the entire Significance of the Study section for academic tone, grammar, and formatting compliance."",
      ""prerequisites"": [9]
    }
  ]
}",,,,,
R067,S3-P6,I need to write the related literature section of our research paper on the effects of social media use on teenagers. I do not know where to start. Create microtasks that would help me write this section of the paper.,"{
  ""microtasks"": [
    {
      ""id"": 1,
      ""description"": ""Define specific research sub-topics (e.g., mental health, sleep patterns, social comparison, or cyberbullying) to narrow the scope."",
      ""prerequisites"": []
    },
    {
      ""id"": 2,
      ""description"": ""Generate a list of search keywords and Boolean operators (AND, OR) based on the defined sub-topics."",
      ""prerequisites"": [1]
    },
    {
      ""id"": 3,
      ""description"": ""Conduct searches in academic databases (e.g., Google Scholar, PsycINFO, PubMed) using the keyword list."",
      ""prerequisites"": [2]
    },
    {
      ""id"": 4,
      ""description"": ""Screen search results by reading titles and abstracts to select relevant peer-reviewed articles."",
      ""prerequisites"": [3]
    },
    {
      ""id"": 5,
      ""description"": ""Read selected full-text articles and extract key findings, methodologies, and theoretical frameworks."",
      ""prerequisites"": [4]
    },
    {
      ""id"": 6,
      ""description"": ""Populate a synthesis matrix (a table mapping authors to specific themes, findings, and methods)."",
      ""prerequisites"": [5]
    },
    {
      ""id"": 7,
      ""description"": ""Identify recurring themes and existing research gaps within the synthesis matrix."",
      ""prerequisites"": [6]
    },
    {
      ""id"": 8,
      ""description"": ""Create a thematic outline for the literature review section based on identified themes."",
      ""prerequisites"": [7]
    },
    {
      ""id"": 9,
      ""description"": ""Write the introductory paragraph of the literature review, defining the scope and importance of the topic."",
      ""prerequisites"": [8]
    },
    {
      ""id"": 10,
      ""description"": ""Draft the subsection corresponding to the first identified theme."",
      ""prerequisites"": [8]
    },
    {
      ""id"": 11,
      ""description"": ""Draft the subsection corresponding to the second identified theme."",
      ""prerequisites"": [8]
    },
    {
      ""id"": 12,
      ""description"": ""Draft the subsection corresponding to the third identified theme."",
      ""prerequisites"": [8]
    },
    {
      ""id"": 13,
      ""description"": ""Write the concluding paragraph that summarizes the current state of research and explicitly states the gap your study fills."",
      ""prerequisites"": [8]
    },
    {
      ""id"": 14,
      ""description"": ""Verify that all in-text citations match the reference list and follow the required style guide (e.g., APA, MLA)."",
      ""prerequisites"": [9, 10, 11, 12, 13]
    },
    {
      ""id"": 15,
      ""description"": ""Review the entire section for logical transitions between themes and academic tone."",
      ""prerequisites"": [14]
    }
  ]
}",,,,,
R068,S3-P6,I need to write the related literature section of our research paper on the effects of social media use on teenagers. I do not know where to start. Create microtasks that would help me write this section of the paper.,"{
  ""microtasks"": [
    {
      ""id"": 1,
      ""description"": ""Define the specific sub-themes of social media effects on teenagers to focus on (e.g., mental health, sleep quality, social relationships)."",
      ""prerequisites"": []
    },
    {
      ""id"": 2,
      ""description"": ""Formulate search strings and keywords based on the identified sub-themes for database searching."",
      ""prerequisites"": [1]
    },
    {
      ""id"": 3,
      ""description"": ""Conduct a literature search on academic databases for peer-reviewed articles concerning social media and teenage mental health."",
      ""prerequisites"": [2]
    },
    {
      ""id"": 4,
      ""description"": ""Conduct a literature search on academic databases for peer-reviewed articles concerning social media and teenage sleep or academic performance."",
      ""prerequisites"": [2]
    },
    {
      ""id"": 5,
      ""description"": ""Conduct a literature search on academic databases for peer-reviewed articles concerning social media and teenage social relationships."",
      ""prerequisites"": [2]
    },
    {
      ""id"": 6,
      ""description"": ""Select and download 4-5 high-quality sources from the mental health search results."",
      ""prerequisites"": [3]
    },
    {
      ""id"": 7,
      ""description"": ""Select and download 4-5 high-quality sources from the sleep/academic performance search results."",
      ""prerequisites"": [4]
    },
    {
      ""id"": 8,
      ""description"": ""Select and download 4-5 high-quality sources from the social relationships search results."",
      ""prerequisites"": [5]
    },
    {
      ""id"": 9,
      ""description"": ""Create a literature synthesis matrix spreadsheet with columns for author, methodology, key findings, and limitations."",
      ""prerequisites"": []
    },
    {
      ""id"": 10,
      ""description"": ""Read the selected mental health articles and extract key findings, methodologies, and gaps into the synthesis matrix."",
      ""prerequisites"": [6, 9]
    },
    {
      ""id"": 11,
      ""description"": ""Read the selected sleep/academic performance articles and extract key findings, methodologies, and gaps into the synthesis matrix."",
      ""prerequisites"": [7, 9]
    },
    {
      ""id"": 12,
      ""description"": ""Read the selected social relationship articles and extract key findings, methodologies, and gaps into the synthesis matrix."",
      ""prerequisites"": [8, 9]
    },
    {
      ""id"": 13,
      ""description"": ""Draft a detailed outline for the literature review section, organizing it by the chosen sub-themes."",
      ""prerequisites"": [10, 11, 12]
    },
    {
      ""id"": 14,
      ""description"": ""Write the introductory paragraph of the literature review, establishing the context and outlining the structure of the section."",
      ""prerequisites"": [13]
    },
    {
      ""id"": 15,
      ""description"": ""Write the subsection synthesizing the literature on mental health effects."",
      ""prerequisites"": [13, 10]
    },
    {
      ""id"": 16,
      ""description"": ""Write the subsection synthesizing the literature on sleep and academic performance."",
      ""prerequisites"": [13, 11]
    },
    {
      ""id"": 17,
      ""description"": ""Write the subsection synthesizing the literature on social relationships."",
      ""prerequisites"": [13, 12]
    },
    {
      ""id"": 18,
      ""description"": ""Write the synthesis and gap analysis paragraph, explaining how the existing literature leads to your specific research question."",
      ""prerequisites"": [15, 16, 17]
    },
    {
      ""id"": 19,
      ""description"": ""Format all in-text citations and compile the reference list according to the required academic style guide (e.g., APA)."",
      ""prerequisites"": [14, 15, 16, 17, 18]
    },
    {
      ""id"": 20,
      ""description"": ""Proofread the entire literature review draft for academic tone, clarity, and smooth transitions between sub-themes."",
      ""prerequisites"": [19]
    }
  ]
}",,,,,
R069,S3-P8,"I need to write the Results and Discussion chapter for a research paper on group conformity in decision-making among university students. We ran a controlled group experiment with 80 participants and found that individuals were significantly more likely to change their answer when exposed to unanimous incorrect group responses, along with several recurring themes from follow-up interviews about social pressure. Break this down into microtasks for presenting the quantitative results, discussing the qualitative themes, and connecting both back to the research questions, noting which microtasks depend on others and which can be worked on independently.","{""microtasks"": [{""id"": 1, ""description"": ""Organize raw experimental data from the 80 participants."", ""prerequisites"": []}, {""id"": 2, ""description"": ""Generate statistical tables and figures representing conformity rates."", ""prerequisites"": [1]}, {""id"": 3, ""description"": ""Write the quantitative results section describing the significance of answer changes."", ""prerequisites"": [2]}, {""id"": 4, ""description"": ""Code interview transcripts into recurring themes."", ""prerequisites"": []}, {""id"": 5, ""description"": ""Select specific quotes that illustrate the social pressure themes."", ""prerequisites"": [4]}, {""id"": 6, ""description"": ""Write the qualitative results section describing the themes and quotes."", ""prerequisites"": [5]}, {""id"": 7, ""description"": ""Compare the quantitative conformity findings to existing research literature."", ""prerequisites"": [3]}, {""id"": 8, ""description"": ""Compare the qualitative social pressure themes to existing research literature."", ""prerequisites"": [6]}, {""id"": 9, ""description"": ""Synthesize the quantitative and qualitative findings to address the research questions."", ""prerequisites"": [7, 8]}, {""id"": 10, ""description"": ""Draft the limitations and implications of the study."", ""prerequisites"": [9]}]}",,,,,
R070,S3-P6,I need to write the related literature section of our research paper on the effects of social media use on teenagers. I do not know where to start. Create microtasks that would help me write this section of the paper.,"{
  ""microtasks"": [
    {
      ""id"": 1,
      ""description"": ""Define a list of search keywords and boolean operators related to social media use and teenagers (e.g., 'social media AND adolescents AND mental health')."",
      ""prerequisites"": []
    },
    {
      ""id"": 2,
      ""description"": ""Search academic databases (such as Google Scholar, PubMed, or PsycINFO) using the defined keywords and download 12-15 peer-reviewed articles."",
      ""prerequisites"": [1]
    },
    {
      ""id"": 3,
      ""description"": ""Screen the abstracts of the downloaded articles to select the 8-10 most relevant papers for the literature review."",
      ""prerequisites"": [2]
    },
    {
      ""id"": 4,
      ""description"": ""Set up a literature matrix spreadsheet with columns for Author/Year, Methodology, Key Findings, and Limitations."",
      ""prerequisites"": [3]
    },
    {
      ""id"": 5,
      ""description"": ""Read the selected papers and populate the literature matrix with details from each study."",
      ""prerequisites"": [4]
    },
    {
      ""id"": 6,
      ""description"": ""Analyze the completed literature matrix to group the papers into 3 distinct thematic categories (e.g., mental health impacts, sleep disruption, social connectivity)."",
      ""prerequisites"": [5]
    },
    {
      ""id"": 7,
      ""description"": ""Draft a structured outline of the literature review section, including an introduction, the 3 thematic subsections, and a summary/gap analysis."",
      ""prerequisites"": [6]
    },
    {
      ""id"": 8,
      ""description"": ""Write the introductory paragraph of the literature review, establishing the context, importance, and organizational structure of the section."",
      ""prerequisites"": [7]
    },
    {
      ""id"": 9,
      ""description"": ""Draft the first thematic subsection of the literature review, synthesizing the relevant sources from the matrix."",
      ""prerequisites"": [7]
    },
    {
      ""id"": 10,
      ""description"": ""Draft the second thematic subsection of the literature review, synthesizing the relevant sources from the matrix."",
      ""prerequisites"": [7]
    },
    {
      ""id"": 11,
      ""description"": ""Draft the third thematic subsection of the literature review, synthesizing the relevant sources from the matrix."",
      ""prerequisites"": [7]
    },
    {
      ""id"": 12,
      ""description"": ""Write the synthesis and gap analysis subsection, highlighting what is missing in the existing literature and how your study addresses this gap."",
      ""prerequisites"": [9, 10, 11]
    },
    {
      ""id"": 13,
      ""description"": ""Assemble the introduction, thematic subsections, and gap analysis into a single cohesive draft, adding transitional sentences between paragraphs."",
      ""prerequisites"": [8, 12]
    },
    {
      ""id"": 14,
      ""description"": ""Format all in-text citations and generate the reference list according to the required academic style guide (e.g., APA, MLA)."",
      ""prerequisites"": [13]
    },
    {
      ""id"": 15,
      ""description"": ""Proofread the entire draft for clarity, academic tone, flow, and grammatical correctness."",
      ""prerequisites"": [14]
    }
  ]
}",,,,,
R071,S3-P8,"I need to write the Results and Discussion chapter for a research paper on group conformity in decision-making among university students. We ran a controlled group experiment with 80 participants and found that individuals were significantly more likely to change their answer when exposed to unanimous incorrect group responses, along with several recurring themes from follow-up interviews about social pressure. Break this down into microtasks for presenting the quantitative results, discussing the qualitative themes, and connecting both back to the research questions, noting which microtasks depend on others and which can be worked on independently.","{""microtasks"": [{""id"": 1, ""description"": ""Clean and organize the quantitative dataset, verify data integrity, and ensure all variables are correctly coded for analysis."", ""prerequisites"": []}, {""id"": 2, ""description"": ""Generate a descriptive statistics table (means, SDs, frequencies) for participant characteristics (e.g., age, gender, academic year)."", ""prerequisites"": [1]}, {""id"": 3, ""description"": ""Conduct the statistical test (e.g., chi\u2011square or logistic regression) to examine the effect of unanimous incorrect group responses on participants' likelihood of changing their answer."", ""prerequisites"": [2]}, {""id"": 4, ""description"": ""Create a clear figure/table visualizing the main quantitative result (e.g., bar chart of conformity rates by condition with error bars)."", ""prerequisites"": [3]}, {""id"": 5, ""description"": ""Draft the quantitative results paragraph(s) describing the statistical findings and explicitly link them to Research Question 1 (effect of group pressure on conformity)."", ""prerequisites"": [4]}, {""id"": 6, ""description"": ""Transcribe all audio recordings from the follow\u2011up interviews into text files, correcting any transcription errors."", ""prerequisites"": []}, {""id"": 7, ""description"": ""Perform initial open coding of the interview transcripts to generate preliminary thematic codes and identify emerging patterns."", ""prerequisites"": [6]}, {""id"": 8, ""description"": ""Conduct axial coding to refine and categorize the preliminary codes into coherent themes, ensuring each theme is well\u2011defined and mutually exclusive."", ""prerequisites"": [7]}, {""id"": 9, ""description"": ""Write the qualitative themes summary paragraph(s) describing the recurring social\u2011pressure themes and explicitly link them to Research Question 2 (perceived social pressures influencing conformity)."", ""prerequisites"": [8]}, {""id"": 10, ""description"": ""Draft the integrated discussion section that synthesizes the quantitative and qualitative findings, addresses all research questions, and interprets the overall contribution to the literature."", ""prerequisites"": [5, 9]}, {""id"": 11, ""description"": ""Review and edit the entire Results and Discussion chapter for coherence, proper citation, and adherence to journal formatting guidelines."", ""prerequisites"": [10]}]}",,,,,
R072,S3-P4,"I am tasked with writing the methodology section for a research paper on the effects of social media on teenagers, in which we will be surveying and interviewing undergraduate students within our college. Break this down into microtasks that are simple to understand and initiate, noting which microtasks depend on others and which can be worked on independently.","{
  ""microtasks"": [
    {
      ""id"": 1,
      ""description"": ""Outline the main subsections of the methodology section (e.g., Research Design, Participants, Data Collection, Data Analysis, Ethical Considerations)."",
      ""prerequisites"": []
    },
    {
      ""id"": 2,
      ""description"": ""Draft an introductory paragraph for the methodology section, briefly stating the overall approach."",
      ""prerequisites"": []
    },
    {
      ""id"": 3,
      ""description"": ""Describe the overall research design (e.g., mixed methods, sequential explanatory) for the study."",
      ""prerequisites"": []
    },
    {
      ""id"": 4,
      ""description"": ""Define the target population for the study (undergraduate students at your college)."",
      ""prerequisites"": []
    },
    {
      ""id"": 5,
      ""description"": ""Determine the sampling strategy for recruiting survey participants (e.g., convenience sampling, stratified random sampling)."",
      ""prerequisites"": []
    },
    {
      ""id"": 6,
      ""description"": ""Determine the sampling strategy for recruiting interview participants (e.g., purposive sampling, convenience sampling)."",
      ""prerequisites"": []
    },
    {
      ""id"": 7,
      ""description"": ""Specify the estimated sample size for the survey component of the study."",
      ""prerequisites"": [
        5
      ]
    },
    {
      ""id"": 8,
      ""description"": ""Specify the estimated sample size for the interview component of the study."",
      ""prerequisites"": [
        6
      ]
    },
    {
      ""id"": 9,
      ""description"": ""Define the inclusion and exclusion criteria for study participants."",
      ""prerequisites"": []
    },
    {
      ""id"": 10,
      ""description"": ""Write the 'Participants' subsection, integrating details on population, sampling strategies, sample sizes, and inclusion/exclusion criteria."",
      ""prerequisites"": [
        4,
        5,
        6,
        7,
        8,
        9
      ]
    },
    {
      ""id"": 11,
      ""description"": ""Identify key themes and variables related to social media effects on teenagers that will be measured by the survey."",
      ""prerequisites"": []
    },
    {
      ""id"": 12,
      ""description"": ""Draft specific survey questions based on the identified themes and variables."",
      ""prerequisites"": [
        11
      ]
    },
    {
      ""id"": 13,
      ""description"": ""Determine the platform and format for administering the survey (e.g., online via Qualtrics, paper-based)."",
      ""prerequisites"": []
    },
    {
      ""id"": 14,
      ""description"": ""Describe the survey instrument in detail, including its development, content, and format."",
      ""prerequisites"": [
        12,
        13
      ]
    },
    {
      ""id"": 15,
      ""description"": ""Identify key themes and open-ended questions related to social media effects on teenagers to be explored in interviews."",
      ""prerequisites"": []
    },
    {
      ""id"": 16,
      ""description"": ""Draft an interview protocol, including opening, core, and closing questions."",
      ""prerequisites"": [
        15
      ]
    },
    {
      ""id"": 17,
      ""description"": ""Describe the interview instrument (e.g., semi-structured interview protocol), including its structure and content."",
      ""prerequisites"": [
        16
      ]
    },
    {
      ""id"": 18,
      ""description"": ""Outline the participant recruitment process for both survey and interviews."",
      ""prerequisites"": [
        5,
        6,
        9
      ]
    },
    {
      ""id"": 19,
      ""description"": ""Describe the informed consent process for all study participants."",
      ""prerequisites"": []
    },
    {
      ""id"": 20,
      ""description"": ""Detail the procedure for administering the survey, including distribution and collection methods."",
      ""prerequisites"": [
        13,
        14,
        18,
        19
      ]
    },
    {
      ""id"": 21,
      ""description"": ""Detail the procedure for conducting the interviews, including location, recording, and transcription plans."",
      ""prerequisites"": [
        17,
        18,
        19
      ]
    },
    {
      ""id"": 22,
      ""description"": ""Write the 'Data Collection Procedures' subsection, integrating details on recruitment, consent, and administration of both survey and interviews."",
      ""prerequisites"": [
        18,
        19,
        20,
        21
      ]
    },
    {
      ""id"": 23,
      ""description"": ""Outline the planned quantitative data analysis methods for the survey data (e.g., descriptive statistics, specific inferential tests)."",
      ""prerequisites"": [
        12
      ]
    },
    {
      ""id"": 24,
      ""description"": ""Outline the planned qualitative data analysis methods for the interview data (e.g., thematic analysis, content analysis)."",
      ""prerequisites"": [
        16
      ]
    },
    {
      ""id"": 25,
      ""description"": ""Write the 'Data Analysis' subsection, detailing both quantitative and qualitative approaches."",
      ""prerequisites"": [
        23,
        24
      ]
    },
    {
      ""id"": 26,
      ""description"": ""Describe how participant anonymity and confidentiality will be ensured throughout the study."",
      ""prerequisites"": [
        19
      ]
    },
    {
      ""id"": 27,
      ""description"": ""Explain how ethical approval (e.g., Institutional Review Board/Ethics Committee) will be obtained or has been obtained."",
      ""prerequisites"": []
    },
    {
      ""id"": 28,
      ""description"": ""Write the 'Ethical Considerations' subsection, covering informed consent, anonymity, confidentiality, and ethical approval."",
      ""prerequisites"": [
        19,
        26,
        27
      ]
    },
    {
      ""id"": 29,
      ""description"": ""Review the entire methodology section for clarity, coherence, logical flow, and completeness."",
      ""prerequisites"": [
        2,
        3,
        10,
        14,
        17,
        22,
        25,
        28
      ]
    },
    {
      ""id"": 30,
      ""description"": ""Edit the methodology section for grammar, spelling, punctuation, and adherence to academic writing style."",
      ""prerequisites"": [
        29
      ]
    }
  ]
}",,,,,
R073,S3-P3,"I need to write the Significance of the Study section for a research paper on sleep deprivation and academic performance among undergraduate students. The section needs to address significance to the academic community, to university administrators, and to student health services. Give me the most granular breakdown of microtasks possible for writing this section.","{""microtasks"": [{""id"": 1, ""description"": ""Read and summarize the research problem (sleep deprivation and academic performance among undergraduate students)."", ""prerequisites"": []}, {""id"": 2, ""description"": ""Conduct a quick literature search to identify key studies on sleep deprivation's impact on academic performance."", ""prerequisites"": [1]}, {""id"": 3, ""description"": ""Extract and note relevant statistics, findings, and gaps from the literature."", ""prerequisites"": [2]}, {""id"": 4, ""description"": ""Identify the primary theoretical frameworks relevant to the study."", ""prerequisites"": [3]}, {""id"": 5, ""description"": ""Define the scope and objectives of the Significance of the Study section."", ""prerequisites"": [4]}, {""id"": 6, ""description"": ""List three theoretical contributions of the study to the academic community."", ""prerequisites"": [5]}, {""id"": 7, ""description"": ""List two empirical gaps the study addresses for the academic community."", ""prerequisites"": [5]}, {""id"": 8, ""description"": ""Draft the opening sentence for the academic community significance paragraph."", ""prerequisites"": [6,7]}, {""id"": 9, ""description"": ""Draft the second sentence (research gap) for the academic community paragraph."", ""prerequisites"": [8]}, {""id"": 10, ""description"": ""Draft the third sentence (theoretical contribution) for the academic community paragraph."", ""prerequisites"": [8]}, {""id"": 11, ""description"": ""Draft the concluding sentence for the academic community paragraph."", ""prerequisites"": [8]}, {""id"": 12, ""description"": ""List two policy implications of the study for university administrators."", ""prerequisites"": [5]}, {""id"": 13, ""description"": ""List two potential interventions suggested by the study for administrators."", ""prerequisites"": [5]}, {""id"": 14, ""description"": ""Draft the opening sentence for the administrator significance paragraph."", ""prerequisites"": [12,13]}, {""id"": 15, ""description"": ""Draft the second sentence (policy implication) for the administrator paragraph."", ""prerequisites"": [14]}, {""id"": 16, ""description"": ""Draft the third sentence (intervention) for the administrator paragraph."", ""prerequisites"": [14]}, {""id"": 17, ""description"": ""Draft the concluding sentence for the administrator paragraph."", ""prerequisites"": [14]}, {""id"": 18, ""description"": ""List two health service implications of the study for student health services."", ""prerequisites"": [5]}, {""id"": 19, ""description"": ""List two screening or counseling recommendations derived from the study for health services."", ""prerequisites"": [5]}, {""id"": 20, ""description"": ""Draft the opening sentence for the health services significance paragraph."", ""prerequisites"": [18,19]}, {""id"": 21, ""description"": ""Draft the second sentence (implication) for the health services paragraph."", ""prerequisites"": [20]}, {""id"": 22, ""description"": ""Draft the third sentence (recommendation) for the health services paragraph."", ""prerequisites"": [20]}, {""id"": 23, ""description"": ""Draft the concluding sentence for the health services paragraph."", ""prerequisites"": [20]}, {""id"": 24, ""description"": ""Review the academic community paragraph for clarity and conciseness."", ""prerequisites"": [8,9,10,11]}, {""id"": 25, ""description"": ""Review the academic community paragraph for audience appropriateness."", ""prerequisites"": [8,9,10,11]}, {""id"": 26, ""description"": ""Review the academic community paragraph for grammar and style."", ""prerequisites"": [8,9,10,11]}, {""id"": 27, ""description"": ""Review the administrator paragraph for clarity and conciseness."", ""prerequisites"": [14,15,16,17]}, {""id"": 28, ""description"": ""Review the administrator paragraph for audience appropriateness."", ""prerequisites"": [14,15,16,17]}, {""id"": 29, ""description"": ""Review the administrator paragraph for grammar and style."", ""prerequisites"": [14,15,16,17]}, {""id"": 30, ""description"": ""Review the health services paragraph for clarity and conciseness."", ""prerequisites"": [20,21,22,23]}, {""id"": 31, ""description"": ""Review the health services paragraph for audience appropriateness."", ""prerequisites"": [20,21,22,23]}, {""id"": 32, ""description"": ""Review the health services paragraph for grammar and style."", ""prerequisites"": [20,21,22,23]}, {""id"": 33, ""description"": ""Integrate the three paragraphs into a single Significance of the Study section."", ""prerequisites"": [24,25,26,27,28,29,30,31,32]}, {""id"": 34, ""description"": ""Add transitional phrases to ensure logical flow between paragraphs."", ""prerequisites"": [33]}, {""id"": 35, ""description"": ""Identify sources to support each claim in the integrated section."", ""prerequisites"": [33]}, {""id"": 36, ""description"": ""Insert in-text citations for the academic community claims."", ""prerequisites"": [35]}, {""id"": 37, ""description"": ""Insert in-text citations for the administrator claims."", ""prerequisites"": [35]}, {""id"": 38, ""description"": ""Insert in-text citations for the health services claims."", ""prerequisites"": [35]}, {""id"": 39, ""description"": ""Format all citations according to the target style guide (e.g., APA)."", ""prerequisites"": [36,37,38]}, {""id"": 40, ""description"": ""Perform a final grammar and spelling check on the entire Significance section."", ""prerequisites"": [39]}, {""id"": 41, ""description"": ""Verify heading and subheading formatting for the Significance section."", ""prerequisites"": [40]}, {""id"": 42, ""description"": ""Ensure the Significance section meets word count and content requirements."", ""prerequisites"": [41]}]}",,,,,
R074,S3-P1,I need to write the Background of the Study section for a research paper on the effects of social media use on teenagers. The paper argues that excessive social media use is linked to increased anxiety and lower self-esteem among teenagers. Break this down into microtasks I can start working on immediately.,"{
  ""microtasks"": [
    {
      ""id"": 1,
      ""description"": ""Understand the purpose and scope of the 'Background of the Study' section for a research paper."",
      ""prerequisites"": []
    },
    {
      ""id"": 2,
      ""description"": ""Identify key terms for literature search related to social media, teenagers, anxiety, self-esteem, and excessive use."",
      ""prerequisites"": []
    },
    {
      ""id"": 3,
      ""description"": ""Conduct a preliminary literature search on the prevalence and general patterns of social media use among teenagers."",
      ""prerequisites"": []
    },
    {
      ""id"": 4,
      ""description"": ""Conduct a preliminary literature search on the general impact of social media on teenagers' well-being."",
      ""prerequisites"": []
    },
    {
      ""id"": 5,
      ""description"": ""Conduct a preliminary literature search specifically on the link between social media use and anxiety in teenagers."",
      ""prerequisites"": []
    },
    {
      ""id"": 6,
      ""description"": ""Conduct a preliminary literature search specifically on the link between social media use and self-esteem in teenagers."",
      ""prerequisites"": []
    },
    {
      ""id"": 7,
      ""description"": ""Conduct a preliminary literature search for definitions or conceptualizations of 'excessive social media use' in the context of teenagers."",
      ""prerequisites"": []
    },
    {
      ""id"": 8,
      ""description"": ""Create a high-level outline for the 'Background of the Study' section, including main topics and their logical flow."",
      ""prerequisites"": [
        1
      ]
    },
    {
      ""id"": 9,
      ""description"": ""Draft an opening paragraph introducing social media and its widespread adoption among teenagers."",
      ""prerequisites"": [
        3
      ]
    },
    {
      ""id"": 10,
      ""description"": ""Draft a paragraph describing the general context of social media use among teenagers, including common platforms and usage patterns."",
      ""prerequisites"": [
        3
      ]
    },
    {
      ""id"": 11,
      ""description"": ""Draft a paragraph defining or contextualizing 'excessive social media use' based on literature."",
      ""prerequisites"": [
        7
      ]
    },
    {
      ""id"": 12,
      ""description"": ""Draft a paragraph introducing the emerging concerns about social media's potential negative impacts on adolescent mental health."",
      ""prerequisites"": [
        4
      ]
    },
    {
      ""id"": 13,
      ""description"": ""Draft a paragraph specifically introducing anxiety as a concern related to social media use among teenagers, integrating initial findings."",
      ""prerequisites"": [
        5,
        12
      ]
    },
    {
      ""id"": 14,
      ""description"": ""Draft a paragraph specifically introducing lower self-esteem as a concern related to social media use among teenagers, integrating initial findings."",
      ""prerequisites"": [
        6,
        12
      ]
    },
    {
      ""id"": 15,
      ""description"": ""Draft a paragraph synthesizing the existing literature on social media and anxiety, highlighting key findings and unresolved questions."",
      ""prerequisites"": [
        13
      ]
    },
    {
      ""id"": 16,
      ""description"": ""Draft a paragraph synthesizing the existing literature on social media and self-esteem, highlighting key findings and unresolved questions."",
      ""prerequisites"": [
        14
      ]
    },
    {
      ""id"": 17,
      ""description"": ""Draft a paragraph that connects the synthesized literature to the specific argument of the paper (excessive use, anxiety, self-esteem), setting up the need for the current study."",
      ""prerequisites"": [
        11,
        15,
        16
      ]
    },
    {
      ""id"": 18,
      ""description"": ""Review the entire 'Background of the Study' section for overall coherence, logical flow, and clarity."",
      ""prerequisites"": [
        9,
        10,
        17
      ]
    },
    {
      ""id"": 19,
      ""description"": ""Check that all claims are supported by evidence and properly cited."",
      ""prerequisites"": [
        18
      ]
    },
    {
      ""id"": 20,
      ""description"": ""Proofread the section for grammar, spelling, punctuation, and formatting errors."",
      ""prerequisites"": [
        19
      ]
    }
  ]
}",,,,,
R075,S3-P9,"I need to write the Conclusion and Recommendations chapter for our research paper on reward-based habit formation among working professionals. The chapter should summarize key findings from our results, discuss implications for employers and HR practitioners, acknowledge study limitations, and suggest directions for future research. Break this down into microtasks. I can complete one at a time, noting which microtasks depend on others and which can be worked on independently.","{
  ""microtasks"": [
    {
      ""id"": 1,
      ""description"": ""Review the results and discussion sections of the research paper to extract the primary findings regarding reward-based habit formation."",
      ""prerequisites"": []
    },
    {
      ""id"": 2,
      ""description"": ""Draft the summary of key findings, highlighting how rewards influence habit formation among working professionals."",
      ""prerequisites"": [1]
    },
    {
      ""id"": 3,
      ""description"": ""Brainstorm and outline practical implications of the findings specifically for employers and HR practitioners."",
      ""prerequisites"": [1]
    },
    {
      ""id"": 4,
      ""description"": ""Draft the 'Implications for Employers and HR' section, detailing actionable strategies for workplace habit formation."",
      ""prerequisites"": [3]
    },
    {
      ""id"": 5,
      ""description"": ""Identify and list the methodological, sample, and contextual limitations of the study."",
      ""prerequisites"": []
    },
    {
      ""id"": 6,
      ""description"": ""Draft the 'Limitations' section of the chapter, explaining how these factors may affect the generalizability of the results."",
      ""prerequisites"": [5]
    },
    {
      ""id"": 7,
      ""description"": ""Brainstorm future research directions that address the identified limitations and build upon the study's findings."",
      ""prerequisites"": [1, 5]
    },
    {
      ""id"": 8,
      ""description"": ""Draft the 'Directions for Future Research' section, proposing specific areas and methodologies for subsequent studies."",
      ""prerequisites"": [7]
    },
    {
      ""id"": 9,
      ""description"": ""Draft the final concluding paragraph of the chapter, summarizing the overall contribution of the study."",
      ""prerequisites"": [2]
    },
    {
      ""id"": 10,
      ""description"": ""Compile, format, and edit the entire Conclusion and Recommendations chapter for flow, academic tone, and transitions between sections."",
      ""prerequisites"": [2, 4, 6, 8, 9]
    }
  ]
}",,,,,
R076,S3-P3,"I need to write the Significance of the Study section for a research paper on sleep deprivation and academic performance among undergraduate students. The section needs to address significance to the academic community, to university administrators, and to student health services. Give me the most granular breakdown of microtasks possible for writing this section.","{""microtasks"": [{""id"": 1, ""description"": ""Identify specific theoretical gaps in existing sleep and academic performance literature."", ""prerequisites"": []}, {""id"": 2, ""description"": ""Identify specific empirical or methodological gaps in existing sleep and academic performance literature."", ""prerequisites"": []}, {""id"": 3, ""description"": ""List potential administrative implications (e.g., scheduling, retention policies, academic support)."", ""prerequisites"": []}, {""id"": 4, ""description"": ""List potential health service implications (e.g., wellness programming, counseling, preventative education)."", ""prerequisites"": []}, {""id"": 5, ""description"": ""Draft the academic community subsection regarding theoretical contributions."", ""prerequisites"": [1]}, {""id"": 6, ""description"": ""Draft the academic community subsection regarding empirical or methodological contributions."", ""prerequisites"": [2]}, {""id"": 7, ""description"": ""Draft the university administrator subsection."", ""prerequisites"": [3]}, {""id"": 8, ""description"": ""Draft the student health services subsection."", ""prerequisites"": [4]}, {""id"": 9, ""description"": ""Write the introductory sentence or paragraph for the Significance of the Study section."", ""prerequisites"": []}, {""id"": 10, ""description"": ""Write the concluding sentence or paragraph for the Significance of the Study section."", ""prerequisites"": [5, 6, 7, 8]}, {""id"": 11, ""description"": ""Assemble the introductory paragraph, stakeholder subsections, and concluding paragraph into a single draft."", ""prerequisites"": [9, 5, 6, 7, 8, 10]}, {""id"": 12, ""description"": ""Review and edit the section for smooth transitions between the different stakeholder groups."", ""prerequisites"": [11]}]}",,,,,
R077,S3-P5,I am writing the scope and limitations section for our research paper on peer pressure and risk-taking behavior among adolescents. We will only have high school students from our partner schools as participants. Another limitation is that we are not measuring long-term behavioral outcomes beyond the school year. Create microtasks that I can accomplish procedurally to complete this section of the paper.,"{
  ""microtasks"": [
    {
      ""id"": 1,
      ""description"": ""Define the demographic parameters (e.g., age range, grade levels) of the adolescent participants."",
      ""prerequisites"": []
    },
    {
      ""id"": 2,
      ""description"": ""Define the institutional boundaries (the specific partner schools) included in the study."",
      ""prerequisites"": []
    },
    {
      ""id"": 3,
      ""description"": ""Define the specific variables (peer pressure and risk-taking behavior) to be measured."",
      ""prerequisites"": []
    },
    {
      ""id"": 4,
      ""description"": ""Write the Scope paragraph by synthesizing the demographic, institutional, and variable definitions."",
      ""prerequisites"": [1, 2, 3]
    },
    {
      ""id"": 5,
      ""description"": ""Draft a statement regarding the sampling limitation caused by the focus on partner schools."",
      ""prerequisites"": [2]
    },
    {
      ""id"": 6,
      ""description"": ""Draft a statement regarding the temporal limitation caused by the lack of long-term behavioral data."",
      ""prerequisites"": []
    },
    {
      ""id"": 7,
      ""description"": ""Write the Limitations paragraph by synthesizing the sampling and temporal statements."",
      ""prerequisites"": [5, 6]
    },
    {
      ""id"": 8,
      ""description"": ""Review the combined Scope and Limitations section for academic tone and logical flow."",
      ""prerequisites"": [4, 7]
    }
  ]
}",,,,,
R078,S3-P9,"I need to write the Conclusion and Recommendations chapter for our research paper on reward-based habit formation among working professionals. The chapter should summarize key findings from our results, discuss implications for employers and HR practitioners, acknowledge study limitations, and suggest directions for future research. Break this down into microtasks. I can complete one at a time, noting which microtasks depend on others and which can be worked on independently.","{
  ""microtasks"": [
    {
      ""id"": 1,
      ""description"": ""Outline the main sections for the Conclusion and Recommendations chapter (e.g., Summary of Findings, Implications, Limitations, Future Research)."",
      ""prerequisites"": []
    },
    {
      ""id"": 2,
      ""description"": ""Review the 'Results' chapter to identify the most significant findings related to reward-based habit formation."",
      ""prerequisites"": []
    },
    {
      ""id"": 3,
      ""description"": ""Identify potential limitations of the study's methodology, sample, or scope."",
      ""prerequisites"": []
    },
    {
      ""id"": 4,
      ""description"": ""Draft a section summarizing the key findings from the 'Results' chapter clearly and concisely."",
      ""prerequisites"": [
        2
      ]
    },
    {
      ""id"": 5,
      ""description"": ""Brainstorm practical implications of the key findings for employers and HR practitioners."",
      ""prerequisites"": [
        4
      ]
    },
    {
      ""id"": 6,
      ""description"": ""Draft a section discussing the implications for employers and HR practitioners, linking them directly to the findings."",
      ""prerequisites"": [
        5
      ]
    },
    {
      ""id"": 7,
      ""description"": ""Draft a section acknowledging the identified study limitations and their potential impact."",
      ""prerequisites"": [
        3
      ]
    },
    {
      ""id"": 8,
      ""description"": ""Brainstorm specific, actionable directions for future research based on the study's findings and limitations."",
      ""prerequisites"": [
        4,
        7
      ]
    },
    {
      ""id"": 9,
      ""description"": ""Draft a section outlining the suggested directions for future research."",
      ""prerequisites"": [
        8
      ]
    },
    {
      ""id"": 10,
      ""description"": ""Draft a brief introductory paragraph for the Conclusion and Recommendations chapter."",
      ""prerequisites"": [
        1
      ]
    },
    {
      ""id"": 11,
      ""description"": ""Draft a brief concluding paragraph for the Conclusion and Recommendations chapter."",
      ""prerequisites"": [
        6,
        7,
        9
      ]
    },
    {
      ""id"": 12,
      ""description"": ""Review the entire chapter for clarity, coherence, and logical flow between sections."",
      ""prerequisites"": [
        6,
        7,
        9,
        10,
        11
      ]
    },
    {
      ""id"": 13,
      ""description"": ""Check for consistency in terminology, formatting, and tone throughout the chapter."",
      ""prerequisites"": [
        12
      ]
    },
    {
      ""id"": 14,
      ""description"": ""Proofread the chapter for grammar, spelling, punctuation, and typographical errors."",
      ""prerequisites"": [
        13
      ]
    }
  ]
}",,,,,
R079,S3-P1,I need to write the Background of the Study section for a research paper on the effects of social media use on teenagers. The paper argues that excessive social media use is linked to increased anxiety and lower self-esteem among teenagers. Break this down into microtasks I can start working on immediately.,"{""microtasks"": [{""id"": 1, ""description"": ""Define key terms (social media use, anxiety, self-esteem, teenagers) to establish the scope of the study."", ""prerequisites"": []}, {""id"": 2, ""description"": ""Gather statistics on current teenage social media usage rates."", ""prerequisites"": []}, {""id"": 3, ""description"": ""Collect academic studies linking social media use to anxiety in adolescents."", ""prerequisites"": []}, {""id"": 4, ""description"": ""Collect academic studies linking social media use to self-esteem in adolescents."", ""prerequisites"": []}, {""id"": 5, ""description"": ""Identify specific gaps in existing literature regarding the intersection of social media, anxiety, and self-esteem."", ""prerequisites"": [3, 4]}, {""id"": 6, ""description"": ""Create a structural outline for the Background section (Context -> Problem -> Gap -> Aim)."", ""prerequisites"": [1, 2, 5]}, {""id"": 7, ""description"": ""Draft the introductory paragraph regarding the prevalence and context of social media use."", ""prerequisites"": [2, 6]}, {""id"": 8, ""description"": ""Draft the paragraph discussing the correlation between social media and anxiety."", ""prerequisites"": [3, 6]}, {""id"": 9, ""description"": ""Draft the paragraph discussing the correlation between social media and self-esteem."", ""prerequisites"": [4, 6]}, {""id"": 10, ""description"": ""Draft the paragraph identifying the research gap and the necessity of the current study."", ""prerequisites"": [5, 6]}, {""id"": 11, ""description"": ""Draft the concluding paragraph stating the study's purpose and objectives."", ""prerequisites"": [10]}, {""id"": 12, ""description"": ""Review the full draft for logical flow and smooth transitions between paragraphs."", ""prerequisites"": [7, 8, 9, 11]}, {""id"": 13, ""description"": ""Verify all in-text citations against the reference list for accuracy."", ""prerequisites"": [12]}]}",,,,,
R080,S3-P6,I need to write the related literature section of our research paper on the effects of social media use on teenagers. I do not know where to start. Create microtasks that would help me write this section of the paper.,"{
  ""microtasks"": [
    {
      ""id"": 1,
      ""description"": ""Define specific research sub-topics (e.g., mental health, sleep patterns, social comparison, or cyberbullying) to narrow the scope."",
      ""prerequisites"": []
    },
    {
      ""id"": 2,
      ""description"": ""Generate a list of search keywords and Boolean operators (AND, OR) based on the defined sub-topics."",
      ""prerequisites"": [1]
    },
    {
      ""id"": 3,
      ""description"": ""Conduct searches in academic databases (e.g., Google Scholar, PsycINFO, PubMed) using the keyword list."",
      ""prerequisites"": [2]
    },
    {
      ""id"": 4,
      ""description"": ""Screen search results by reading titles and abstracts to select relevant peer-reviewed articles."",
      ""prerequisites"": [3]
    },
    {
      ""id"": 5,
      ""description"": ""Read selected full-text articles and extract key findings, methodologies, and theoretical frameworks."",
      ""prerequisites"": [4]
    },
    {
      ""id"": 6,
      ""description"": ""Populate a synthesis matrix (a table mapping authors to specific themes, findings, and methods)."",
      ""prerequisites"": [5]
    },
    {
      ""id"": 7,
      ""description"": ""Identify recurring themes and existing research gaps within the synthesis matrix."",
      ""prerequisites"": [6]
    },
    {
      ""id"": 8,
      ""description"": ""Create a thematic outline for the literature review section based on identified themes."",
      ""prerequisites"": [7]
    },
    {
      ""id"": 9,
      ""description"": ""Write the introductory paragraph of the literature review, defining the scope and importance of the topic."",
      ""prerequisites"": [8]
    },
    {
      ""id"": 10,
      ""description"": ""Draft the subsection corresponding to the first identified theme."",
      ""prerequisites"": [8]
    },
    {
      ""id"": 11,
      ""description"": ""Draft the subsection corresponding to the second identified theme."",
      ""prerequisites"": [8]
    },
    {
      ""id"": 12,
      ""description"": ""Draft the subsection corresponding to the third identified theme."",
      ""prerequisites"": [8]
    },
    {
      ""id"": 13,
      ""description"": ""Write the concluding paragraph that summarizes the current state of research and explicitly states the gap your study fills."",
      ""prerequisites"": [8]
    },
    {
      ""id"": 14,
      ""description"": ""Verify that all in-text citations match the reference list and follow the required style guide (e.g., APA, MLA)."",
      ""prerequisites"": [9, 10, 11, 12, 13]
    },
    {
      ""id"": 15,
      ""description"": ""Review the entire section for logical transitions between themes and academic tone."",
      ""prerequisites"": [14]
    }
  ]
}",,,,,
R081,S3-P1,I need to write the Background of the Study section for a research paper on the effects of social media use on teenagers. The paper argues that excessive social media use is linked to increased anxiety and lower self-esteem among teenagers. Break this down into microtasks I can start working on immediately.,"{""microtasks"": [{""id"": 1, ""description"": ""Define key terms (social media use, anxiety, self-esteem, teenagers) to establish the scope of the study."", ""prerequisites"": []}, {""id"": 2, ""description"": ""Gather statistics on current teenage social media usage rates."", ""prerequisites"": []}, {""id"": 3, ""description"": ""Collect academic studies linking social media use to anxiety in adolescents."", ""prerequisites"": []}, {""id"": 4, ""description"": ""Collect academic studies linking social media use to self-esteem in adolescents."", ""prerequisites"": []}, {""id"": 5, ""description"": ""Identify specific gaps in existing literature regarding the intersection of social media, anxiety, and self-esteem."", ""prerequisites"": [3, 4]}, {""id"": 6, ""description"": ""Create a structural outline for the Background section (Context -> Problem -> Gap -> Aim)."", ""prerequisites"": [1, 2, 5]}, {""id"": 7, ""description"": ""Draft the introductory paragraph regarding the prevalence and context of social media use."", ""prerequisites"": [2, 6]}, {""id"": 8, ""description"": ""Draft the paragraph discussing the correlation between social media and anxiety."", ""prerequisites"": [3, 6]}, {""id"": 9, ""description"": ""Draft the paragraph discussing the correlation between social media and self-esteem."", ""prerequisites"": [4, 6]}, {""id"": 10, ""description"": ""Draft the paragraph identifying the research gap and the necessity of the current study."", ""prerequisites"": [5, 6]}, {""id"": 11, ""description"": ""Draft the concluding paragraph stating the study's purpose and objectives."", ""prerequisites"": [10]}, {""id"": 12, ""description"": ""Review the full draft for logical flow and smooth transitions between paragraphs."", ""prerequisites"": [7, 8, 9, 11]}, {""id"": 13, ""description"": ""Verify all in-text citations against the reference list for accuracy."", ""prerequisites"": [12]}]}",,,,,
R082,S3-P6,I need to write the related literature section of our research paper on the effects of social media use on teenagers. I do not know where to start. Create microtasks that would help me write this section of the paper.,"{""microtasks"": [{""id"": 1, ""description"": ""Define the scope and research questions for the literature review."", ""prerequisites"": []}, {""id"": 2, ""description"": ""Identify and select relevant databases and search engines for academic literature."", ""prerequisites"": [1]}, {""id"": 3, ""description"": ""Develop a comprehensive list of search keywords and Boolean operators related to social media use and teenage outcomes."", ""prerequisites"": [2]}, {""id"": 4, ""description"": ""Conduct an initial database search using the keywords and export results to a citation manager."", ""prerequisites"": [3]}, {""id"": 5, ""description"": ""Apply inclusion and exclusion criteria to filter search results and create a preliminary list of sources."", ""prerequisites"": [4]}, {""id"": 6, ""description"": ""Set up a citation management system (e.g., Zotero, Mendeley) and organize the preliminary list of sources."", ""prerequisites"": [5]}, {""id"": 7, ""description"": ""Read and summarize the abstract and methodology of the first source in a one\u2011page note."", ""prerequisites"": [6]}, {""id"": 8, ""description"": ""Read and summarize the findings and discussion of the first source in a one\u2011page note."", ""prerequisites"": [7]}, {""id"": 9, ""description"": ""Read and summarize the abstract and methodology of the second source in a one\u2011page note."", ""prerequisites"": [6]}, {""id"": 10, ""description"": ""Read and summarize the findings and discussion of the second source in a one\u2011page note."", ""prerequisites"": [9]}, {""id"": 11, ""description"": ""Read and summarize the abstract and methodology of the third source in a one\u2011page note."", ""prerequisites"": [6]}, {""id"": 12, ""description"": ""Read and summarize the findings and discussion of the third source in a one\u2011page note."", ""prerequisites"": [11]}, {""id"": 13, ""description"": ""Read and summarize the abstract and methodology of the fourth source in a one\u2011page note."", ""prerequisites"": [6]}, {""id"": 14, ""description"": ""Read and summarize the findings and discussion of the fourth source in a one\u2011page note."", ""prerequisites"": [13]}, {""id"": 15, ""description"": ""Read and summarize the abstract and methodology of the fifth source in a one\u2011page note."", ""prerequisites"": [6]}, {""id"": 16, ""description"": ""Read and summarize the findings and discussion of the fifth source in a one\u2011page note."", ""prerequisites"": [15]}, {""id"": 17, ""description"": ""Review all source summaries to identify recurring themes, key findings, and gaps in the literature."", ""prerequisites"": [7,8,9,10,11,12,13,14,15,16]}, {""id"": 18, ""description"": ""Organize identified themes into an outline for the literature review (introduction, each theme, synthesis, conclusion)."", ""prerequisites"": [17]}, {""id"": 19, ""description"": ""Write the introduction to the literature review section, incorporating the research questions and overview."", ""prerequisites"": [18]}, {""id"": 20, ""description"": ""Write the first thematic subsection (e.g., \""Psychological effects of social media\"")."", ""prerequisites"": [18]}, {""id"": 21, ""description"": ""Write the second thematic subsection (e.g., \""Academic and cognitive impacts\"")."", ""prerequisites"": [18]}, {""id"": 22, ""description"": ""Write the third thematic subsection (e.g., \""Social relationships and peer influence\"")."", ""prerequisites"": [18]}, {""id"": 23, ""description"": ""Write the fourth thematic subsection (e.g., \""Mental health outcomes and interventions\"")."", ""prerequisites"": [18]}, {""id"": 24, ""description"": ""Write the synthesis and discussion paragraph that ties themes together and highlights gaps."", ""prerequisites"": [18,20,21,22,23]}, {""id"": 25, ""description"": ""Write the conclusion of the literature review, summarizing key points and suggesting future research directions."", ""prerequisites"": [24]}, {""id"": 26, ""description"": ""Insert in\u2011text citations and ensure they follow the required citation style (e.g., APA)."", ""prerequisites"": [19,20,21,22,23,24,25]}, {""id"": 27, ""description"": ""Perform a final review of the literature review section for coherence, flow, and completeness."", ""prerequisites"": [26]}]}",,,,,
R083,S3-P4,"I am tasked with writing the methodology section for a research paper on the effects of social media on teenagers, in which we will be surveying and interviewing undergraduate students within our college. Break this down into microtasks that are simple to understand and initiate, noting which microtasks depend on others and which can be worked on independently.","{
  ""microtasks"": [
    {
      ""id"": 1,
      ""description"": ""Define the overall research design (e.g., mixed-methods, descriptive, or exploratory)."",
      ""prerequisites"": []
    },
    {
      ""id"": 2,
      ""description"": ""Determine the sampling strategy (e.g., convenience sampling, purposive sampling)."",
      ""prerequisites"": []
    },
    {
      ""id"": 3,
      ""description"": ""Establish specific inclusion and exclusion criteria for the undergraduate participants."",
      ""prerequisites"": [2]
    },
    {
      ""id"": 4,
      ""description"": ""Calculate or estimate the required sample size for both the survey and the interviews."",
      ""prerequisites"": [2, 3]
    },
    {
      ""id"": 5,
      ""description"": ""Draft the 'Research Design' subsection of the methodology."",
      ""prerequisites"": [1]
    },
    {
      ""id"": 6,
      ""description"": ""Draft the 'Participants and Sampling' subsection of the methodology."",
      ""prerequisites"": [2, 3, 4]
    },
    {
      ""id"": 7,
      ""description"": ""Develop the survey instrument, including specific questions and response scales."",
      ""prerequisites"": [1]
    },
    {
      ""id"": 8,
      ""description"": ""Develop the semi-structured interview guide/protocol."",
      ""prerequisites"": [1]
    },
    {
      ""id"": 9,
      ""description"": ""Draft the 'Instrumentation' subsection describing the survey and interview tools."",
      ""prerequisites"": [7, 8]
    },
    {
      ""id"": 10,
      ""description"": ""Outline the step-by-step procedure for administering the survey and conducting interviews."",
      ""prerequisites"": [7, 8]
    },
    {
      ""id"": 11,
      ""description"": ""Draft the 'Data Collection Procedures' subsection."",
      ""prerequisites"": [10]
    },
    {
      ""id"": 12,
      ""description"": ""Identify the statistical methods to be used for analyzing survey data."",
      ""prerequisites"": [1, 7]
    },
    {
      ""id"": 13,
      ""description"": ""Identify the qualitative analysis method to be used for interview data (e.g., thematic analysis)."",
      ""prerequisites"": [1, 8]
    },
    {
      ""id"": 14,
      ""description"": ""Draft the 'Data Analysis' subsection."",
      ""prerequisites"": [12, 13]
    },
    {
      ""id"": 15,
      ""description"": ""Outline the ethical protocols, including informed consent, anonymity, and data storage."",
      ""prerequisites"": []
    },
    {
      ""id"": 16,
      ""description"": ""Draft the 'Ethical Considerations' subsection."",
      ""prerequisites"": [15]
    },
    {
      ""id"": 17,
      ""description"": ""Review and integrate all subsections into a single, cohesive methodology section."",
      ""prerequisites"": [5, 6, 9, 11, 14, 16]
    }
  ]
}",,,,,
R084,S3-P9,"I need to write the Conclusion and Recommendations chapter for our research paper on reward-based habit formation among working professionals. The chapter should summarize key findings from our results, discuss implications for employers and HR practitioners, acknowledge study limitations, and suggest directions for future research. Break this down into microtasks. I can complete one at a time, noting which microtasks depend on others and which can be worked on independently.","{
  ""microtasks"": [
    {
      ""id"": 1,
      ""description"": ""Review the results and discussion sections of the research paper to extract the primary findings regarding reward-based habit formation."",
      ""prerequisites"": []
    },
    {
      ""id"": 2,
      ""description"": ""Draft the summary of key findings, highlighting how rewards influence habit formation among working professionals."",
      ""prerequisites"": [1]
    },
    {
      ""id"": 3,
      ""description"": ""Brainstorm and outline practical implications of the findings specifically for employers and HR practitioners."",
      ""prerequisites"": [1]
    },
    {
      ""id"": 4,
      ""description"": ""Draft the 'Implications for Employers and HR' section, detailing actionable strategies for workplace habit formation."",
      ""prerequisites"": [3]
    },
    {
      ""id"": 5,
      ""description"": ""Identify and list the methodological, sample, and contextual limitations of the study."",
      ""prerequisites"": []
    },
    {
      ""id"": 6,
      ""description"": ""Draft the 'Limitations' section of the chapter, explaining how these factors may affect the generalizability of the results."",
      ""prerequisites"": [5]
    },
    {
      ""id"": 7,
      ""description"": ""Brainstorm future research directions that address the identified limitations and build upon the study's findings."",
      ""prerequisites"": [1, 5]
    },
    {
      ""id"": 8,
      ""description"": ""Draft the 'Directions for Future Research' section, proposing specific areas and methodologies for subsequent studies."",
      ""prerequisites"": [7]
    },
    {
      ""id"": 9,
      ""description"": ""Draft the final concluding paragraph of the chapter, summarizing the overall contribution of the study."",
      ""prerequisites"": [2]
    },
    {
      ""id"": 10,
      ""description"": ""Compile, format, and edit the entire Conclusion and Recommendations chapter for flow, academic tone, and transitions between sections."",
      ""prerequisites"": [2, 4, 6, 8, 9]
    }
  ]
}",,,,,
R085,S3-P1,I need to write the Background of the Study section for a research paper on the effects of social media use on teenagers. The paper argues that excessive social media use is linked to increased anxiety and lower self-esteem among teenagers. Break this down into microtasks I can start working on immediately.,"{""microtasks"": [{""id"": 1, ""description"": ""Define the scope of the study, specifying the target demographic (teenagers), the phenomenon (social media use), and the outcomes (anxiety, self\u2011esteem)."", ""prerequisites"": []}, {""id"": 2, ""description"": ""Search scholarly databases (e.g., PubMed, PsycINFO, Google Scholar) for peer\u2011reviewed articles on social media use and its association with anxiety and self\u2011esteem in teenagers published within the last 5 years."", ""prerequisites"": []}, {""id"": 3, ""description"": ""Create a systematic spreadsheet to record citation details, study design, sample size, key findings, and relevance for each retrieved article."", ""prerequisites"": [2]}, {""id"": 4, ""description"": ""Read and annotate three high\u2011impact articles that directly address the link between excessive social media use and anxiety in teenagers."", ""prerequisites"": [3]}, {""id"": 5, ""description"": ""Write a concise summary (≈150 words) of the evidence linking excessive social media use to increased anxiety among teenagers, based on the articles identified in tasks 2\u20114."", ""prerequisites"": [4]}, {""id"": 6, ""description"": ""Read and annotate three high\u2011impact articles that directly address the link between excessive social media use and lower self\u2011esteem in teenagers."", ""prerequisites"": [3]}, {""id"": 7, ""description"": ""Write a concise summary (≈150 words) of the evidence linking excessive social media use to lower self\u2011esteem among teenagers, based on the articles identified in tasks 2\u20146."", ""prerequisites"": [6]}, {""id"": 8, ""description"": ""Identify and list at least two gaps or unanswered questions in the existing research on social media use, anxiety, and self\u2011esteem in teenagers."", ""prerequisites"": [5,7]}, {""id"": 9, ""description"": ""Select and briefly describe a relevant theoretical perspective (e.g., Social Comparison Theory, Uses and Gratifications) that explains how social media use may affect anxiety and self\u2011esteem."", ""prerequisites"": []}, {""id"": 10, ""description"": ""Write an introductory paragraph for the Background of the Study that outlines the prevalence of social media use among teenagers and the importance of investigating its psychological impacts, incorporating the summaries, gaps, and theoretical framework."", ""prerequisites"": [5,7,8,9]}, {""id"": 11, ""description"": ""Combine the summaries, gaps, and theoretical framework into a cohesive paragraph that sets up the hypothesis that excessive social media use is linked to increased anxiety and lower self\u2011esteem."", ""prerequisites"": [10]}, {""id"": 12, ""description"": ""Review the completed background section for clarity, coherence, and proper citation format; make necessary revisions."", ""prerequisites"": [11]}]}",,,,,
R086,S3-P2,"I need to write Chapter 1 of a research paper on social media's effects on teenagers. The paper examines how social media use affects teenagers' mental health and academic performance. Chapter 1 consists of four sections: Background of the Study, Research Objectives, Scope and Limitations, and Significance of the Study. Break this chapter down into microtasks I can execute one at a time, noting which microtasks depend on others and which can be worked on independently.","{""microtasks"": [{""id"": 1, ""description"": ""Conduct a literature search on social media's impact on teenage mental health."", ""prerequisites"": []}, {""id"": 2, ""description"": ""Conduct a literature search on social media's impact on teenage academic performance."", ""prerequisites"": []}, {""id"": 3, ""description"": ""Summarize the findings from both literature searches into a draft overview for the Background of the Study."", ""prerequisites"": [1, 2]}, {""id"": 4, ""description"": ""Expand the Background of the Study section by adding subsections: mental health effects, academic performance effects, and theoretical framework."", ""prerequisites"": [3]}, {""id"": 5, ""description"": ""Identify research gaps from the literature to inform the study."", ""prerequisites"": [1, 2]}, {""id"": 6, ""description"": ""Formulate specific research questions based on the identified gaps."", ""prerequisites"": [5]}, {""id"": 7, ""description"": ""Write the Research Objectives section, aligning objectives with the research questions."", ""prerequisites"": [6]}, {""id"": 8, ""description"": ""Define the scope of the study, specifying population, timeframe, and platforms to be examined."", ""prerequisites"": [7]}, {""id"": 9, ""description"": ""Identify potential limitations of the study, such as sample size, self\u2011report bias, and methodological constraints."", ""prerequisites"": [8]}, {""id"": 10, ""description"": ""Write the Scope and Limitations section, integrating the defined scope and noted limitations."", ""prerequisites"": [8, 9]}, {""id"": 11, ""description"": ""Articulate the significance of the study, covering theoretical contributions, practical implications, and policy recommendations."", ""prerequisites"": [7, 10]}, {""id"": 12, ""description"": ""Write the Significance of the Study section based on the articulated significance points."", ""prerequisites"": [11]}]}",,,,,
R087,S3-P1,I need to write the Background of the Study section for a research paper on the effects of social media use on teenagers. The paper argues that excessive social media use is linked to increased anxiety and lower self-esteem among teenagers. Break this down into microtasks I can start working on immediately.,"{
  ""microtasks"": [
    {
      ""id"": 1,
      ""description"": ""Gather 3-5 recent statistics on teenage social media consumption habits and screen time."",
      ""prerequisites"": []
    },
    {
      ""id"": 2,
      ""description"": ""Identify and summarize 3 key academic studies linking social media use to teenage anxiety."",
      ""prerequisites"": []
    },
    {
      ""id"": 3,
      ""description"": ""Identify and summarize 3 key academic studies linking social media use to low self-esteem in adolescents."",
      ""prerequisites"": []
    },
    {
      ""id"": 4,
      ""description"": ""Create a structured outline for the Background of the Study section, organizing points from broad context to specific variables."",
      ""prerequisites"": [1, 2, 3]
    },
    {
      ""id"": 5,
      ""description"": ""Draft the opening paragraph introducing the ubiquity of social media in modern teenage life."",
      ""prerequisites"": [4]
    },
    {
      ""id"": 6,
      ""description"": ""Draft the paragraphs defining 'excessive social media use' and establishing the scope of the issue."",
      ""prerequisites"": [4]
    },
    {
      ""id"": 7,
      ""description"": ""Draft the subsection synthesizing literature on the relationship between social media and teenage anxiety."",
      ""prerequisites"": [2, 4]
    },
    {
      ""id"": 8,
      ""description"": ""Draft the subsection synthesizing literature on the relationship between social media and teenage self-esteem."",
      ""prerequisites"": [3, 4]
    },
    {
      ""id"": 9,
      ""description"": ""Draft the paragraph that connects anxiety and self-esteem issues to identify the specific problem or gap your study addresses."",
      ""prerequisites"": [7, 8]
    },
    {
      ""id"": 10,
      ""description"": ""Draft the concluding paragraph of the background, stating the overall purpose and significance of your study."",
      ""prerequisites"": [9]
    },
    {
      ""id"": 11,
      ""description"": ""Merge all drafted subsections into a single document and refine the transitions between paragraphs for flow."",
      ""prerequisites"": [5, 6, 10]
    },
    {
      ""id"": 12,
      ""description"": ""Proofread the entire Background section for academic tone, clarity, and correct citation formatting."",
      ""prerequisites"": [11]
    }
  ]
}",,,,,
R088,S3-P6,I need to write the related literature section of our research paper on the effects of social media use on teenagers. I do not know where to start. Create microtasks that would help me write this section of the paper.,"{
  ""microtasks"": [
    {
      ""id"": 1,
      ""description"": ""Define specific research sub-topics (e.g., mental health, sleep patterns, social comparison, or cyberbullying) to narrow the scope."",
      ""prerequisites"": []
    },
    {
      ""id"": 2,
      ""description"": ""Generate a list of search keywords and Boolean operators (AND, OR) based on the defined sub-topics."",
      ""prerequisites"": [1]
    },
    {
      ""id"": 3,
      ""description"": ""Conduct searches in academic databases (e.g., Google Scholar, PsycINFO, PubMed) using the keyword list."",
      ""prerequisites"": [2]
    },
    {
      ""id"": 4,
      ""description"": ""Screen search results by reading titles and abstracts to select relevant peer-reviewed articles."",
      ""prerequisites"": [3]
    },
    {
      ""id"": 5,
      ""description"": ""Read selected full-text articles and extract key findings, methodologies, and theoretical frameworks."",
      ""prerequisites"": [4]
    },
    {
      ""id"": 6,
      ""description"": ""Populate a synthesis matrix (a table mapping authors to specific themes, findings, and methods)."",
      ""prerequisites"": [5]
    },
    {
      ""id"": 7,
      ""description"": ""Identify recurring themes and existing research gaps within the synthesis matrix."",
      ""prerequisites"": [6]
    },
    {
      ""id"": 8,
      ""description"": ""Create a thematic outline for the literature review section based on identified themes."",
      ""prerequisites"": [7]
    },
    {
      ""id"": 9,
      ""description"": ""Write the introductory paragraph of the literature review, defining the scope and importance of the topic."",
      ""prerequisites"": [8]
    },
    {
      ""id"": 10,
      ""description"": ""Draft the subsection corresponding to the first identified theme."",
      ""prerequisites"": [8]
    },
    {
      ""id"": 11,
      ""description"": ""Draft the subsection corresponding to the second identified theme."",
      ""prerequisites"": [8]
    },
    {
      ""id"": 12,
      ""description"": ""Draft the subsection corresponding to the third identified theme."",
      ""prerequisites"": [8]
    },
    {
      ""id"": 13,
      ""description"": ""Write the concluding paragraph that summarizes the current state of research and explicitly states the gap your study fills."",
      ""prerequisites"": [8]
    },
    {
      ""id"": 14,
      ""description"": ""Verify that all in-text citations match the reference list and follow the required style guide (e.g., APA, MLA)."",
      ""prerequisites"": [9, 10, 11, 12, 13]
    },
    {
      ""id"": 15,
      ""description"": ""Review the entire section for logical transitions between themes and academic tone."",
      ""prerequisites"": [14]
    }
  ]
}",,,,,
R089,S3-P7,I have to write something about procrastination and self-regulation in college students for my research paper but I'm not sure what part to focus on yet. Help me figure out what to do next.,"{""microtasks"": [{""id"": 1, ""description"": ""Search academic databases (e.g., Google Scholar, PsycINFO) using keywords like 'procrastination', 'self-regulation', and 'college students' to gather 5-10 overview or review articles."", ""prerequisites"": []}, {""id"": 2, ""description"": ""Read the abstracts and 'future directions' sections of the gathered articles to identify 3-4 recurring sub-themes (e.g., emotional regulation, smartphone distraction, academic self-efficacy)."", ""prerequisites"": [1]}, {""id"": 3, ""description"": ""Draft three distinct, narrow research questions based on the identified sub-themes."", ""prerequisites"": [2]}, {""id"": 4, ""description"": ""Conduct a preliminary literature search for each of the three drafted research questions to evaluate the availability of supporting sources."", ""prerequisites"": [3]}, {""id"": 5, ""description"": ""Select the final research question/focus based on source availability and personal interest."", ""prerequisites"": [4]}, {""id"": 6, ""description"": ""Draft a working thesis statement or central argument that directly addresses the selected research question."", ""prerequisites"": [5]}, {""id"": 7, ""description"": ""Create a preliminary structural outline for the research paper based on the working thesis statement."", ""prerequisites"": [6]}]}",,,,,
R090,S3-P2,"I need to write Chapter 1 of a research paper on social media's effects on teenagers. The paper examines how social media use affects teenagers' mental health and academic performance. Chapter 1 consists of four sections: Background of the Study, Research Objectives, Scope and Limitations, and Significance of the Study. Break this chapter down into microtasks I can execute one at a time, noting which microtasks depend on others and which can be worked on independently.","{
  ""microtasks"": [
    {
      ""id"": 1,
      ""description"": ""Brainstorm key concepts for the paper: social media, teenagers, mental health, academic performance."",
      ""prerequisites"": []
    },
    {
      ""id"": 2,
      ""description"": ""Search for foundational literature on social media use among teenagers (prevalence, trends)."",
      ""prerequisites"": [
        1
      ]
    },
    {
      ""id"": 3,
      ""description"": ""Search for literature on social media's effects on teenagers' mental health."",
      ""prerequisites"": [
        1
      ]
    },
    {
      ""id"": 4,
      ""description"": ""Search for literature on social media's effects on teenagers' academic performance."",
      ""prerequisites"": [
        1
      ]
    },
    {
      ""id"": 5,
      ""description"": ""Outline the structure of the 'Background of the Study' section (e.g., general context, specific issues, problem statement)."",
      ""prerequisites"": [
        2,
        3,
        4
      ]
    },
    {
      ""id"": 6,
      ""description"": ""Draft the introductory paragraph for the 'Background of the Study', defining social media and its relevance to teenagers."",
      ""prerequisites"": [
        5
      ]
    },
    {
      ""id"": 7,
      ""description"": ""Draft paragraphs detailing the general context and prevalence of social media use among teenagers."",
      ""prerequisites"": [
        5,
        6
      ]
    },
    {
      ""id"": 8,
      ""description"": ""Draft paragraphs discussing existing research and concerns regarding social media's impact on mental health in teenagers."",
      ""prerequisites"": [
        5,
        7
      ]
    },
    {
      ""id"": 9,
      ""description"": ""Draft paragraphs discussing existing research and concerns regarding social media's impact on academic performance in teenagers."",
      ""prerequisites"": [
        5,
        7
      ]
    },
    {
      ""id"": 10,
      ""description"": ""Draft the concluding paragraph for the 'Background of the Study', leading to the problem statement."",
      ""prerequisites"": [
        8,
        9
      ]
    },
    {
      ""id"": 11,
      ""description"": ""Review and refine the entire 'Background of the Study' section for flow, coherence, and clarity."",
      ""prerequisites"": [
        10
      ]
    },
    {
      ""id"": 12,
      ""description"": ""Identify the main overarching research goal of the study."",
      ""prerequisites"": [
        10
      ]
    },
    {
      ""id"": 13,
      ""description"": ""Formulate specific research objectives related to social media's effects on mental health."",
      ""prerequisites"": [
        12
      ]
    },
    {
      ""id"": 14,
      ""description"": ""Formulate specific research objectives related to social media's effects on academic performance."",
      ""prerequisites"": [
        12
      ]
    },
    {
      ""id"": 15,
      ""description"": ""Draft the 'Research Objectives' section, listing the main objective and specific objectives."",
      ""prerequisites"": [
        13,
        14
      ]
    },
    {
      ""id"": 16,
      ""description"": ""Review and refine the 'Research Objectives' section for clarity and alignment with the background."",
      ""prerequisites"": [
        15
      ]
    },
    {
      ""id"": 17,
      ""description"": ""Determine the target population (e.g., age range, geographical location) and specific aspects of social media use to be examined for the 'Scope'."",
      ""prerequisites"": [
        15
      ]
    },
    {
      ""id"": 18,
      ""description"": ""Determine the specific mental health and academic performance indicators to be examined for the 'Scope'."",
      ""prerequisites"": [
        15
      ]
    },
    {
      ""id"": 19,
      ""description"": ""Identify potential limitations of the study (e.g., sample size, methodology, self-report bias)."",
      ""prerequisites"": [
        15
      ]
    },
    {
      ""id"": 20,
      ""description"": ""Draft the 'Scope of the Study' section."",
      ""prerequisites"": [
        17,
        18
      ]
    },
    {
      ""id"": 21,
      ""description"": ""Draft the 'Limitations of the Study' section."",
      ""prerequisites"": [
        19
      ]
    },
    {
      ""id"": 22,
      ""description"": ""Review and refine the 'Scope and Limitations' section for clarity and completeness."",
      ""prerequisites"": [
        20,
        21
      ]
    },
    {
      ""id"": 23,
      ""description"": ""Brainstorm potential beneficiaries (e.g., teenagers, parents, educators, policymakers) and practical implications of the research findings."",
      ""prerequisites"": [
        15
      ]
    },
    {
      ""id"": 24,
      ""description"": ""Identify the theoretical or academic contributions of the research."",
      ""prerequisites"": [
        15
      ]
    },
    {
      ""id"": 25,
      ""description"": ""Draft paragraphs explaining the significance of the study for different stakeholders."",
      ""prerequisites"": [
        23
      ]
    },
    {
      ""id"": 26,
      ""description"": ""Draft paragraphs explaining the theoretical or academic significance of the study."",
      ""prerequisites"": [
        24
      ]
    },
    {
      ""id"": 27,
      ""description"": ""Review and refine the 'Significance of the Study' section."",
      ""prerequisites"": [
        25,
        26
      ]
    },
    {
      ""id"": 28,
      ""description"": ""Read through the entire Chapter 1 to ensure overall coherence and logical flow between sections."",
      ""prerequisites"": [
        11,
        16,
        22,
        27
      ]
    },
    {
      ""id"": 29,
      ""description"": ""Check for consistency in terminology, argument, and formatting across all sections of Chapter 1."",
      ""prerequisites"": [
        28
      ]
    },
    {
      ""id"": 30,
      ""description"": ""Proofread Chapter 1 for grammar, spelling, punctuation, and citation errors."",
      ""prerequisites"": [
        29
      ]
    },
    {
      ""id"": 31,
      ""description"": ""Format Chapter 1 according to the required paper guidelines (e.g., headings, margins, font)."",
      ""prerequisites"": [
        30
      ]
    }
  ]
}",,,,,
R091,S3-P5,I am writing the scope and limitations section for our research paper on peer pressure and risk-taking behavior among adolescents. We will only have high school students from our partner schools as participants. Another limitation is that we are not measuring long-term behavioral outcomes beyond the school year. Create microtasks that I can accomplish procedurally to complete this section of the paper.,"{
  ""microtasks"": [
    {
      ""id"": 1,
      ""description"": ""Draft an introductory sentence for the 'Scope and Limitations' section."",
      ""prerequisites"": []
    },
    {
      ""id"": 2,
      ""description"": ""Draft a statement specifying the participant population (high school students from partner schools) as part of the study's scope."",
      ""prerequisites"": []
    },
    {
      ""id"": 3,
      ""description"": ""Draft a statement specifying the time frame of the study (within the school year) as part of the study's scope."",
      ""prerequisites"": []
    },
    {
      ""id"": 4,
      ""description"": ""Combine the statements on participant population (ID 2) and time frame (ID 3) into a coherent paragraph defining the study's scope."",
      ""prerequisites"": [
        2,
        3
      ]
    },
    {
      ""id"": 5,
      ""description"": ""Draft a statement identifying the limited participant population (high school students from partner schools) as a limitation."",
      ""prerequisites"": []
    },
    {
      ""id"": 6,
      ""description"": ""Draft a statement explaining the implication of the limited participant population (ID 5) on the generalizability of findings."",
      ""prerequisites"": [
        5
      ]
    },
    {
      ""id"": 7,
      ""description"": ""Draft a statement identifying the limited time frame for outcome measurement (not beyond the school year) as a limitation."",
      ""prerequisites"": []
    },
    {
      ""id"": 8,
      ""description"": ""Draft a statement explaining the implication of the limited time frame (ID 7) on assessing long-term behavioral outcomes."",
      ""prerequisites"": [
        7
      ]
    },
    {
      ""id"": 9,
      ""description"": ""Organize the limitation statements (ID 5, ID 7) and their implications (ID 6, ID 8) into one or more coherent paragraphs."",
      ""prerequisites"": [
        6,
        8
      ]
    },
    {
      ""id"": 10,
      ""description"": ""Write a concluding sentence or paragraph for the 'Scope and Limitations' section, potentially suggesting future research directions."",
      ""prerequisites"": []
    },
    {
      ""id"": 11,
      ""description"": ""Assemble the introductory sentence (ID 1), scope paragraph (ID 4), limitation paragraphs (ID 9), and concluding statement (ID 10) into a complete 'Scope and Limitations' section."",
      ""prerequisites"": [
        1,
        4,
        9,
        10
      ]
    },
    {
      ""id"": 12,
      ""description"": ""Review the entire 'Scope and Limitations' section (ID 11) for clarity, conciseness, flow, and academic tone."",
      ""prerequisites"": [
        11
      ]
    },
    {
      ""id"": 13,
      ""description"": ""Check the 'Scope and Limitations' section (ID 12) for consistency with the Introduction and Methodology sections of the paper."",
      ""prerequisites"": [
        12
      ]
    }
  ]
}",,,,,
R092,S3-P1,I need to write the Background of the Study section for a research paper on the effects of social media use on teenagers. The paper argues that excessive social media use is linked to increased anxiety and lower self-esteem among teenagers. Break this down into microtasks I can start working on immediately.,"{""microtasks"": [{""id"": 1, ""description"": ""Identify and list 5-7 peer-reviewed studies on social media use and teen anxiety."", ""prerequisites"": []}, {""id"": 2, ""description"": ""Identify and list 5-7 peer-reviewed studies on social media use and teen self-esteem."", ""prerequisites"": []}, {""id"": 3, ""description"": ""Summarize each identified study in 2-3 sentences, noting methodology, sample, and key findings."", ""prerequisites"": [1, 2]}, {""id"": 4, ""description"": ""Synthesize the summarized findings to highlight consistent patterns linking excessive use to anxiety and lower self-esteem."", ""prerequisites"": [3]}, {""id"": 5, ""description"": ""Draft a brief literature review paragraph introducing the research context and the gap."", ""prerequisites"": [4]}, {""id"": 6, ""description"": ""Draft a theoretical framework paragraph explaining mechanisms such as social comparison and fear of missing out."", ""prerequisites"": []}, {""id"": 7, ""description"": ""Integrate the literature review paragraph and theoretical framework paragraph into a cohesive Background of the Study section (approximately 500-800 words)."", ""prerequisites"": [5, 6]}, {""id"": 8, ""description"": ""Edit the Background section for clarity, flow, and proper citation format."", ""prerequisites"": [7]}, {""id"": 9, ""description"": ""Review the Background section against the paper's thesis statement to ensure alignment."", ""prerequisites"": [8]}]}",,,,,
R093,S3-P7,I have to write something about procrastination and self-regulation in college students for my research paper but I'm not sure what part to focus on yet. Help me figure out what to do next.,"{""microtasks"": [{""id"": 1, ""description"": ""Read and summarize 3-5 recent research articles on procrastination and self-regulation in college students."", ""prerequisites"": []}, {""id"": 2, ""description"": ""Identify recurring themes, gaps, or controversies in the summarized literature."", ""prerequisites"": [1]}, {""id"": 3, ""description"": ""Generate a list of 5-7 potential research topics based on the identified gaps."", ""prerequisites"": [2]}, {""id"": 4, ""description"": ""Evaluate each potential topic for feasibility, personal interest, and alignment with assignment requirements."", ""prerequisites"": [3]}, {""id"": 5, ""description"": ""Select one specific research focus from the evaluated topics."", ""prerequisites"": [4]}, {""id"": 6, ""description"": ""Write a concise research focus statement describing the chosen topic and its significance."", ""prerequisites"": [5]}]}",,,,,
R094,S3-P5,I am writing the scope and limitations section for our research paper on peer pressure and risk-taking behavior among adolescents. We will only have high school students from our partner schools as participants. Another limitation is that we are not measuring long-term behavioral outcomes beyond the school year. Create microtasks that I can accomplish procedurally to complete this section of the paper.,"{
  ""microtasks"": [
    {
      ""id"": 1,
      ""description"": ""Create an outline for the Scope and Limitations section, dividing it into subsections for Scope (participants, variables) and Limitations (sample constraints, temporal constraints)."",
      ""prerequisites"": []
    },
    {
      ""id"": 2,
      ""description"": ""Draft the scope paragraph detailing the participant demographics, specifically focusing on high school students from the designated partner schools."",
      ""prerequisites"": [1]
    },
    {
      ""id"": 3,
      ""description"": ""Draft the scope paragraph defining the specific aspects of peer pressure and risk-taking behavior being measured in this study."",
      ""prerequisites"": [1]
    },
    {
      ""id"": 4,
      ""description"": ""Draft the limitation paragraph explaining how restricting the sample to partner schools limits the generalizability of the findings to the broader adolescent population."",
      ""prerequisites"": [1]
    },
    {
      ""id"": 5,
      ""description"": ""Draft the limitation paragraph explaining the temporal constraint of not tracking long-term behavioral outcomes beyond the current school year."",
      ""prerequisites"": [1]
    },
    {
      ""id"": 6,
      ""description"": ""Draft a paragraph justifying these scope boundaries (e.g., feasibility, resource constraints) and suggesting how future research could address these limitations."",
      ""prerequisites"": [4, 5]
    },
    {
      ""id"": 7,
      ""description"": ""Integrate the drafted paragraphs into a single, cohesive Scope and Limitations section with appropriate transitional phrasing."",
      ""prerequisites"": [2, 3, 4, 5, 6]
    },
    {
      ""id"": 8,
      ""description"": ""Review and proofread the integrated section for academic tone, clarity, and alignment with the overall research paper guidelines."",
      ""prerequisites"": [7]
    }
  ]
}",,,,,
R095,S3-P5,I am writing the scope and limitations section for our research paper on peer pressure and risk-taking behavior among adolescents. We will only have high school students from our partner schools as participants. Another limitation is that we are not measuring long-term behavioral outcomes beyond the school year. Create microtasks that I can accomplish procedurally to complete this section of the paper.,"{
  ""microtasks"": [
    {
      ""id"": 1,
      ""description"": ""Draft an introductory sentence for the 'Scope and Limitations' section."",
      ""prerequisites"": []
    },
    {
      ""id"": 2,
      ""description"": ""Draft a statement specifying the participant population (high school students from partner schools) as part of the study's scope."",
      ""prerequisites"": []
    },
    {
      ""id"": 3,
      ""description"": ""Draft a statement specifying the time frame of the study (within the school year) as part of the study's scope."",
      ""prerequisites"": []
    },
    {
      ""id"": 4,
      ""description"": ""Combine the statements on participant population (ID 2) and time frame (ID 3) into a coherent paragraph defining the study's scope."",
      ""prerequisites"": [
        2,
        3
      ]
    },
    {
      ""id"": 5,
      ""description"": ""Draft a statement identifying the limited participant population (high school students from partner schools) as a limitation."",
      ""prerequisites"": []
    },
    {
      ""id"": 6,
      ""description"": ""Draft a statement explaining the implication of the limited participant population (ID 5) on the generalizability of findings."",
      ""prerequisites"": [
        5
      ]
    },
    {
      ""id"": 7,
      ""description"": ""Draft a statement identifying the limited time frame for outcome measurement (not beyond the school year) as a limitation."",
      ""prerequisites"": []
    },
    {
      ""id"": 8,
      ""description"": ""Draft a statement explaining the implication of the limited time frame (ID 7) on assessing long-term behavioral outcomes."",
      ""prerequisites"": [
        7
      ]
    },
    {
      ""id"": 9,
      ""description"": ""Organize the limitation statements (ID 5, ID 7) and their implications (ID 6, ID 8) into one or more coherent paragraphs."",
      ""prerequisites"": [
        6,
        8
      ]
    },
    {
      ""id"": 10,
      ""description"": ""Write a concluding sentence or paragraph for the 'Scope and Limitations' section, potentially suggesting future research directions."",
      ""prerequisites"": []
    },
    {
      ""id"": 11,
      ""description"": ""Assemble the introductory sentence (ID 1), scope paragraph (ID 4), limitation paragraphs (ID 9), and concluding statement (ID 10) into a complete 'Scope and Limitations' section."",
      ""prerequisites"": [
        1,
        4,
        9,
        10
      ]
    },
    {
      ""id"": 12,
      ""description"": ""Review the entire 'Scope and Limitations' section (ID 11) for clarity, conciseness, flow, and academic tone."",
      ""prerequisites"": [
        11
      ]
    },
    {
      ""id"": 13,
      ""description"": ""Check the 'Scope and Limitations' section (ID 12) for consistency with the Introduction and Methodology sections of the paper."",
      ""prerequisites"": [
        12
      ]
    }
  ]
}",,,,,
R096,S3-P6,I need to write the related literature section of our research paper on the effects of social media use on teenagers. I do not know where to start. Create microtasks that would help me write this section of the paper.,"{""microtasks"": [{""id"": 1, ""description"": ""Define research scope and objectives for literature review."", ""prerequisites"": []}, {""id"": 2, ""description"": ""Conduct database searches for relevant studies on social media use and teenage outcomes."", ""prerequisites"": [1]}, {""id"": 3, ""description"": ""Export search results to reference manager."", ""prerequisites"": [2]}, {""id"": 4, ""description"": ""Read and annotate Source A (seminal article)."", ""prerequisites"": [3]}, {""id"": 5, ""description"": ""Summarize key findings of Source A in a note."", ""prerequisites"": [4]}, {""id"": 6, ""description"": ""Read and annotate Source B (recent meta-analysis)."", ""prerequisites"": [3]}, {""id"": 7, ""description"": ""Summarize key findings of Source B in a note."", ""prerequisites"": [6]}, {""id"": 8, ""description"": ""Read and annotate Source C (qualitative study)."", ""prerequisites"": [3]}, {""id"": 9, ""description"": ""Summarize key findings of Source C in a note."", ""prerequisites"": [8]}, {""id"": 10, ""description"": ""Organize sources into thematic categories (mental health, social development, cyberbullying, academic performance)."", ""prerequisites"": [5,7,9]}, {""id"": 11, ""description"": ""Write introductory paragraph for literature review, outlining scope and themes."", ""prerequisites"": [10]}, {""id"": 12, ""description"": ""Write paragraph for Theme 1: Mental health impacts."", ""prerequisites"": [11,10]}, {""id"": 13, ""description"": ""Write paragraph for Theme 2: Social development and peer relationships."", ""prerequisites"": [11,10]}, {""id"": 14, ""description"": ""Write paragraph for Theme 3: Cyberbullying and online harassment."", ""prerequisites"": [11,10]}, {""id"": 15, ""description"": ""Write paragraph for Theme 4: Academic performance effects."", ""prerequisites"": [11,10]}, {""id"": 16, ""description"": ""Write concluding paragraph synthesizing findings and noting gaps."", ""prerequisites"": [12,13,14,15]}, {""id"": 17, ""description"": ""Insert in-text citations and ensure formatting consistency."", ""prerequisites"": [16]}, {""id"": 18, ""description"": ""Proofread and edit literature review for coherence and citation accuracy."", ""prerequisites"": [17]}]}",,,,,
R097,S3-P9,"I need to write the Conclusion and Recommendations chapter for our research paper on reward-based habit formation among working professionals. The chapter should summarize key findings from our results, discuss implications for employers and HR practitioners, acknowledge study limitations, and suggest directions for future research. Break this down into microtasks. I can complete one at a time, noting which microtasks depend on others and which can be worked on independently.","{""microtasks"": [{""id"": 1, ""description"": ""Review and synthesize key findings from the Results chapter."", ""prerequisites"": []}, {""id"": 2, ""description"": ""Draft the \""Key Findings Summary\"" section of the conclusion."", ""prerequisites"": [1]}, {""id"": 3, ""description"": ""Review relevant literature and frameworks on employer and HR implications of habit formation."", ""prerequisites"": []}, {""id"": 4, ""description"": ""Draft the \""Implications for Employers and HR Practitioners\"" section."", ""prerequisites"": [2, 3]}, {""id"": 5, ""description"": ""Review the methodology and data collection procedures to identify potential limitations."", ""prerequisites"": []}, {""id"": 6, ""description"": ""Draft the \""Study Limitations\"" section."", ""prerequisites"": [5]}, {""id"": 7, ""description"": ""Review existing research gaps and theoretical perspectives to identify future research avenues."", ""prerequisites"": []}, {""id"": 8, ""description"": ""Draft the \""Future Research Directions\"" section."", ""prerequisites"": [7]}, {""id"": 9, ""description"": ""Integrate all drafted sections into a cohesive \""Conclusion and Recommendations\"" chapter."", ""prerequisites"": [2, 4, 6, 8]}, {""id"": 10, ""description"": ""Edit the integrated chapter for clarity, coherence, citation format, and word count."", ""prerequisites"": [9]}, {""id"": 11, ""description"": ""Ensure the conclusion aligns with the paper\u2019s objectives and research questions."", ""prerequisites"": [10]}, {""id"": 12, ""description"": ""Final proofread and format the conclusion chapter according to journal guidelines."", ""prerequisites"": [11]}]}",,,,,
R098,S3-P5,I am writing the scope and limitations section for our research paper on peer pressure and risk-taking behavior among adolescents. We will only have high school students from our partner schools as participants. Another limitation is that we are not measuring long-term behavioral outcomes beyond the school year. Create microtasks that I can accomplish procedurally to complete this section of the paper.,"{""microtasks"": [{""id"": 1, ""description"": ""Review existing literature on how researchers define scope and limitations in adolescent risk\u2011taking studies."", ""prerequisites"": []}, {""id"": 2, ""description"": ""Define the specific scope of the study: target behavior, age range, and research context."", ""prerequisites"": [1]}, {""id"": 3, ""description"": ""Identify and list the inclusion criteria for participants (high\u2011school students from partner schools)."", ""prerequisites"": [2]}, {""id"": 4, ""description"": ""Identify and list any exclusion criteria for participants."", ""prerequisites"": [2]}, {""id"": 5, ""description"": ""Draft a paragraph describing the limitation of using only high\u2011school students from partner schools as participants."", ""prerequisites"": [3,4]}, {""id"": 6, ""description"": ""Define the data\u2011collection timeframe (one school year) for the study."", ""prerequisites"": [2]}, {""id"": 7, ""description"": ""Draft a paragraph describing the limitation of not measuring long\u2011term behavioral outcomes beyond the school year."", ""prerequisites"": [6]}, {""id"": 8, ""description"": ""Write the introductory sentence that introduces the Scope and Limitations section."", ""prerequisites"": [2,5,7]}, {""id"": 9, ""description"": ""Integrate citations for the participant\u2011sample limitation and the timeframe limitation."", ""prerequisites"": [5,7]}, {""id"": 10, ""description"": ""Review and edit the Scope and Limitations section for logical flow, clarity, and APA formatting."", ""prerequisites"": [8,9]}, {""id"": 11, ""description"": ""Seek feedback from your supervisor on the completed Scope and Limitations section."", ""prerequisites"": [10]}, {""id"": 12, ""description"": ""Incorporate supervisor feedback and finalize the Scope and Limitations section."", ""prerequisites"": [11]}]}",,,,,
R099,S3-P7,I have to write something about procrastination and self-regulation in college students for my research paper but I'm not sure what part to focus on yet. Help me figure out what to do next.,"{
  ""microtasks"": [
    {
      ""id"": 1,
      ""description"": ""Search academic databases using keywords 'procrastination', 'self-regulation', and 'college students' to gather an initial pool of 10-15 peer-reviewed articles."",
      ""prerequisites"": []
    },
    {
      ""id"": 2,
      ""description"": ""Read the abstracts of the gathered articles to identify recurring sub-themes, such as emotional regulation, digital distractions, or intervention strategies."",
      ""prerequisites"": [1]
    },
    {
      ""id"": 3,
      ""description"": ""Draft a list of three potential narrow research questions or angles based on the identified sub-themes."",
      ""prerequisites"": [2]
    },
    {
      ""id"": 4,
      ""description"": ""Conduct a preliminary search for each of the three potential angles to verify that sufficient literature exists for each."",
      ""prerequisites"": [3]
    },
    {
      ""id"": 5,
      ""description"": ""Select the final research question or angle based on source availability and academic interest."",
      ""prerequisites"": [4]
    },
    {
      ""id"": 6,
      ""description"": ""Draft a preliminary thesis statement or core research objective addressing the selected angle."",
      ""prerequisites"": [5]
    },
    {
      ""id"": 7,
      ""description"": ""Create a structural outline for the research paper based on the chosen thesis statement."",
      ""prerequisites"": [6]
    }
  ]
}",,,,,
R100,S3-P3,"I need to write the Significance of the Study section for a research paper on sleep deprivation and academic performance among undergraduate students. The section needs to address significance to the academic community, to university administrators, and to student health services. Give me the most granular breakdown of microtasks possible for writing this section.","{
  ""microtasks"": [
    {
      ""id"": 1,
      ""description"": ""Review the research paper's Introduction section to recall the problem statement and research questions."",
      ""prerequisites"": []
    },
    {
      ""id"": 2,
      ""description"": ""Review the research paper's Literature Review section to identify existing gaps in knowledge related to sleep deprivation and academic performance."",
      ""prerequisites"": []
    },
    {
      ""id"": 3,
      ""description"": ""Review the research paper's Methodology section to understand the study's design, scope, and expected findings."",
      ""prerequisites"": []
    },
    {
      ""id"": 4,
      ""description"": ""Summarize the core problem investigated by the study (sleep deprivation affecting academic performance among undergraduates)."",
      ""prerequisites"": [
        1,
        2
      ]
    },
    {
      ""id"": 5,
      ""description"": ""Summarize the main contribution or gap the study aims to fill based on the literature review and problem statement."",
      ""prerequisites"": [
        2,
        4
      ]
    },
    {
      ""id"": 6,
      ""description"": ""Brainstorm specific ways the study's findings could advance theoretical understanding in relevant academic fields (e.g., educational psychology, sleep science)."",
      ""prerequisites"": [
        2,
        4,
        5
      ]
    },
    {
      ""id"": 7,
      ""description"": ""Brainstorm specific ways the study's findings could inform future research directions or methodologies."",
      ""prerequisites"": [
        2,
        4,
        5
      ]
    },
    {
      ""id"": 8,
      ""description"": ""Outline key points for the 'Significance to the Academic Community' subsection."",
      ""prerequisites"": [
        6,
        7
      ]
    },
    {
      ""id"": 9,
      ""description"": ""Brainstorm specific ways the study's findings could inform university policies or practices related to student life and academics."",
      ""prerequisites"": [
        4,
        5
      ]
    },
    {
      ""id"": 10,
      ""description"": ""Brainstorm specific ways the study's findings could impact resource allocation or program development for student support services."",
      ""prerequisites"": [
        4,
        5
      ]
    },
    {
      ""id"": 11,
      ""description"": ""Outline key points for the 'Significance to University Administrators' subsection."",
      ""prerequisites"": [
        9,
        10
      ]
    },
    {
      ""id"": 12,
      ""description"": ""Brainstorm specific ways the study's findings could inform the development of health promotion programs or interventions for students."",
      ""prerequisites"": [
        4,
        5
      ]
    },
    {
      ""id"": 13,
      ""description"": ""Brainstorm specific ways the study's findings could assist student health services in identifying and supporting at-risk students."",
      ""prerequisites"": [
        4,
        5
      ]
    },
    {
      ""id"": 14,
      ""description"": ""Outline key points for the 'Significance to Student Health Services' subsection."",
      ""prerequisites"": [
        12,
        13
      ]
    },
    {
      ""id"": 15,
      ""description"": ""Draft the introductory sentence(s) for the 'Significance of the Study' section, stating its overall purpose."",
      ""prerequisites"": [
        4,
        5
      ]
    },
    {
      ""id"": 16,
      ""description"": ""Draft the 'Significance to the Academic Community' subsection based on its outline."",
      ""prerequisites"": [
        8
      ]
    },
    {
      ""id"": 17,
      ""description"": ""Draft the 'Significance to University Administrators' subsection based on its outline."",
      ""prerequisites"": [
        11
      ]
    },
    {
      ""id"": 18,
      ""description"": ""Draft the 'Significance to Student Health Services' subsection based on its outline."",
      ""prerequisites"": [
        14
      ]
    },
    {
      ""id"": 19,
      ""description"": ""Draft a concluding sentence(s) for the 'Significance of the Study' section, summarizing its overall impact."",
      ""prerequisites"": [
        15,
        16,
        17,
        18
      ]
    },
    {
      ""id"": 20,
      ""description"": ""Read through the entire 'Significance of the Study' section for overall coherence, logical flow, and smooth transitions."",
      ""prerequisites"": [
        16,
        17,
        18,
        19
      ]
    },
    {
      ""id"": 21,
      ""description"": ""Verify that all three required areas of significance (academic community, university administrators, student health services) are adequately addressed."",
      ""prerequisites"": [
        20
      ]
    },
    {
      ""id"": 22,
      ""description"": ""Ensure the language is formal, clear, concise, and directly links back to the study's objectives and findings/expected findings."",
      ""prerequisites"": [
        21
      ]
    },
    {
      ""id"": 23,
      ""description"": ""Proofread the entire section for grammar, spelling, punctuation, and typographical errors."",
      ""prerequisites"": [
        22
      ]
    }
  ]
}",,,,,
R101,S3-P8,"I need to write the Results and Discussion chapter for a research paper on group conformity in decision-making among university students. We ran a controlled group experiment with 80 participants and found that individuals were significantly more likely to change their answer when exposed to unanimous incorrect group responses, along with several recurring themes from follow-up interviews about social pressure. Break this down into microtasks for presenting the quantitative results, discussing the qualitative themes, and connecting both back to the research questions, noting which microtasks depend on others and which can be worked on independently.","{
  ""microtasks"": [
    {
      ""id"": 1,
      ""description"": ""Create a preliminary outline for the 'Results and Discussion' chapter, including main headings and subheadings."",
      ""prerequisites"": []
    },
    {
      ""id"": 2,
      ""description"": ""Prepare all necessary tables and figures (e.g., descriptive statistics, inferential test results) for the quantitative results section."",
      ""prerequisites"": []
    },
    {
      ""id"": 3,
      ""description"": ""Review interview transcripts or notes to identify and consolidate recurring qualitative themes related to social pressure."",
      ""prerequisites"": []
    },
    {
      ""id"": 4,
      ""description"": ""Select compelling and representative quotes from the interviews to illustrate each identified qualitative theme."",
      ""prerequisites"": [
        3
      ]
    },
    {
      ""id"": 5,
      ""description"": ""Draft an introductory paragraph for the quantitative results section, briefly stating what findings will be presented."",
      ""prerequisites"": [
        1
      ]
    },
    {
      ""id"": 6,
      ""description"": ""Write paragraphs presenting the descriptive statistics of the participant sample and initial responses."",
      ""prerequisites"": [
        2,
        5
      ]
    },
    {
      ""id"": 7,
      ""description"": ""Write paragraphs detailing the inferential statistical analysis, focusing on the significant likelihood of answer change when exposed to unanimous incorrect group responses."",
      ""prerequisites"": [
        2,
        6
      ]
    },
    {
      ""id"": 8,
      ""description"": ""Write a brief summary paragraph for the quantitative results section, reiterating the key findings."",
      ""prerequisites"": [
        7
      ]
    },
    {
      ""id"": 9,
      ""description"": ""Draft an introductory paragraph for the qualitative results section, explaining the method of analysis and what themes will be presented."",
      ""prerequisites"": [
        1
      ]
    },
    {
      ""id"": 10,
      ""description"": ""Describe the first recurring qualitative theme identified from the interviews, supported by selected quotes."",
      ""prerequisites"": [
        4,
        9
      ]
    },
    {
      ""id"": 11,
      ""description"": ""Describe the second recurring qualitative theme identified from the interviews, supported by selected quotes."",
      ""prerequisites"": [
        4,
        10
      ]
    },
    {
      ""id"": 12,
      ""description"": ""Describe the third recurring qualitative theme identified from the interviews, supported by selected quotes."",
      ""prerequisites"": [
        4,
        11
      ]
    },
    {
      ""id"": 13,
      ""description"": ""Write a brief summary paragraph for the qualitative results section, reiterating the key themes."",
      ""prerequisites"": [
        12
      ]
    },
    {
      ""id"": 14,
      ""description"": ""Draft an introductory paragraph for the Discussion section, briefly restating the main purpose of the study and previewing the discussion points."",
      ""prerequisites"": [
        8,
        13
      ]
    },
    {
      ""id"": 15,
      ""description"": ""Discuss the quantitative findings, interpreting their meaning in the context of group conformity and relating them back to the research questions."",
      ""prerequisites"": [
        8,
        14
      ]
    },
    {
      ""id"": 16,
      ""description"": ""Discuss the qualitative findings, interpreting their implications for understanding social pressure and relating them back to the research questions."",
      ""prerequisites"": [
        13,
        14
      ]
    },
    {
      ""id"": 17,
      ""description"": ""Integrate the quantitative and qualitative findings, discussing how they complement, explain, or contrast with each other."",
      ""prerequisites"": [
        15,
        16
      ]
    },
    {
      ""id"": 18,
      ""description"": ""Identify and discuss the limitations of the study (e.g., sample size, specific context, experimental design)."",
      ""prerequisites"": [
        17
      ]
    },
    {
      ""id"": 19,
      ""description"": ""Propose directions for future research based on the study's findings and limitations."",
      ""prerequisites"": [
        18
      ]
    },
    {
      ""id"": 20,
      ""description"": ""Write a concluding paragraph for the entire 'Results and Discussion' chapter, summarizing the main contributions and broader implications."",
      ""prerequisites"": [
        19
      ]
    },
    {
      ""id"": 21,
      ""description"": ""Review the entire 'Results and Discussion' chapter for overall coherence, logical flow, and smooth transitions between sections."",
      ""prerequisites"": [
        20
      ]
    },
    {
      ""id"": 22,
      ""description"": ""Check for consistency in terminology, formatting, and citation style throughout the chapter."",
      ""prerequisites"": [
        21
      ]
    },
    {
      ""id"": 23,
      ""description"": ""Proofread the chapter for grammar, spelling, punctuation, and typographical errors."",
      ""prerequisites"": [
        22
      ]
    }
  ]
}",,,,,
R102,S3-P7,I have to write something about procrastination and self-regulation in college students for my research paper but I'm not sure what part to focus on yet. Help me figure out what to do next.,"{
  ""microtasks"": [
    {
      ""id"": 1,
      ""description"": ""Define 'procrastination' in an academic context, noting key characteristics and common theoretical perspectives."",
      ""prerequisites"": []
    },
    {
      ""id"": 2,
      ""description"": ""Define 'self-regulation' in an academic context, noting key components and common theoretical perspectives."",
      ""prerequisites"": []
    },
    {
      ""id"": 3,
      ""description"": ""Conduct a preliminary search for review articles or meta-analyses on 'procrastination in college students' using academic databases."",
      ""prerequisites"": []
    },
    {
      ""id"": 4,
      ""description"": ""Conduct a preliminary search for review articles or meta-analyses on 'self-regulation in college students' using academic databases."",
      ""prerequisites"": []
    },
    {
      ""id"": 5,
      ""description"": ""Conduct a preliminary search for review articles or meta-analyses specifically linking 'procrastination and self-regulation in college students' using academic databases."",
      ""prerequisites"": []
    },
    {
      ""id"": 6,
      ""description"": ""Read the abstracts of 5-10 highly cited or relevant papers identified in task 3."",
      ""prerequisites"": [
        3
      ]
    },
    {
      ""id"": 7,
      ""description"": ""Read the abstracts of 5-10 highly cited or relevant papers identified in task 4."",
      ""prerequisites"": [
        4
      ]
    },
    {
      ""id"": 8,
      ""description"": ""Read the abstracts of 5-10 highly cited or relevant papers identified in task 5."",
      ""prerequisites"": [
        5
      ]
    },
    {
      ""id"": 9,
      ""description"": ""Summarize the key definitions and theoretical frameworks for 'procrastination' found in tasks 1, 6, and 8."",
      ""prerequisites"": [
        1,
        6,
        8
      ]
    },
    {
      ""id"": 10,
      ""description"": ""Summarize the key definitions and theoretical frameworks for 'self-regulation' found in tasks 2, 7, and 8."",
      ""prerequisites"": [
        2,
        7,
        8
      ]
    },
    {
      ""id"": 11,
      ""description"": ""Identify common themes, major findings, and prevailing theories regarding procrastination in college students from the initial literature review (tasks 6 and 8)."",
      ""prerequisites"": [
        6,
        8
      ]
    },
    {
      ""id"": 12,
      ""description"": ""Identify common themes, major findings, and prevailing theories regarding self-regulation in college students from the initial literature review (tasks 7 and 8)."",
      ""prerequisites"": [
        7,
        8
      ]
    },
    {
      ""id"": 13,
      ""description"": ""Identify common themes, major findings, and prevailing theories regarding the relationship between procrastination and self-regulation in college students from the initial literature review (task 8)."",
      ""prerequisites"": [
        8
      ]
    },
    {
      ""id"": 14,
      ""description"": ""List 3-5 potential specific research angles or sub-topics within 'procrastination and self-regulation in college students' that appear interesting or underexplored based on the summaries from tasks 9-13."",
      ""prerequisites"": [
        9,
        10,
        11,
        12,
        13
      ]
    },
    {
      ""id"": 15,
      ""description"": ""Select the most promising research angle or sub-topic from the list generated in task 14, considering feasibility and personal interest."",
      ""prerequisites"": [
        14
      ]
    },
    {
      ""id"": 16,
      ""description"": ""Draft 2-3 potential research questions or a preliminary hypothesis based on the selected research angle from task 15."",
      ""prerequisites"": [
        15
      ]
    },
    {
      ""id"": 17,
      ""description"": ""Create a preliminary outline for the paper, including potential sections like Introduction, Literature Review (with sub-sections), and a brief statement of the paper's focus, based on the drafted research questions/hypothesis from task 16."",
      ""prerequisites"": [
        16
      ]
    }
  ]
}",,,,,
R103,S3-P6,I need to write the related literature section of our research paper on the effects of social media use on teenagers. I do not know where to start. Create microtasks that would help me write this section of the paper.,"{""microtasks"": [{""id"": 1, ""description"": ""Define the scope of the literature review and list key terms related to social media use and teenage mental health."", ""prerequisites"": []}, {""id"": 2, ""description"": ""Conduct systematic searches in academic databases (e.g., PubMed, PsycINFO, Google Scholar) using the defined keywords."", ""prerequisites"": [1]}, {""id"": 3, ""description"": ""Screen abstracts of retrieved articles to identify studies directly addressing the research question."", ""prerequisites"": [2]}, {""id"": 4, ""description"": ""Select the most relevant 5-7 peer\u2011reviewed studies for detailed analysis."", ""prerequisites"": [3]}, {""id"": 5, ""description"": ""Group selected studies into thematic categories (e.g., academic impact, social impact, mental health outcomes)."", ""prerequisites"": [4]}, {""id"": 6, ""description"": ""Write the literature review paragraph for the first thematic category, summarizing findings and citing sources."", ""prerequisites"": [5]}, {""id"": 7, ""description"": ""Write the literature review paragraph for the second thematic category."", ""prerequisites"": [5]}, {""id"": 8, ""description"": ""Write the literature review paragraph for the third thematic category."", ""prerequisites"": [5]}, {""id"": 9, ""description"": ""Compile all thematic paragraphs, ensure consistent citation format, and add transitional sentences."", ""prerequisites"": [6,7,8]}, {""id"": 10, ""description"": ""Perform a final edit and proofread of the completed literature section."", ""prerequisites"": [9]}]}",,,,,
R104,S3-P6,I need to write the related literature section of our research paper on the effects of social media use on teenagers. I do not know where to start. Create microtasks that would help me write this section of the paper.,"{
  ""microtasks"": [
    {
      ""id"": 1,
      ""description"": ""Define the specific scope of 'effects of social media use on teenagers' for this paper (e.g., psychological, social, academic, positive, negative impacts)."",
      ""prerequisites"": []
    },
    {
      ""id"": 2,
      ""description"": ""Brainstorm a comprehensive list of keywords and search terms related to the defined scope."",
      ""prerequisites"": [
        1
      ]
    },
    {
      ""id"": 3,
      ""description"": ""Identify relevant academic databases and search engines (e.g., PubMed, PsycINFO, Google Scholar, Scopus)."",
      ""prerequisites"": []
    },
    {
      ""id"": 4,
      ""description"": ""Execute initial searches using the brainstormed keywords in the identified databases."",
      ""prerequisites"": [
        2,
        3
      ]
    },
    {
      ""id"": 5,
      ""description"": ""Review titles and abstracts of search results to identify potentially relevant articles."",
      ""prerequisites"": [
        4
      ]
    },
    {
      ""id"": 6,
      ""description"": ""Download full-text articles for all promising candidates identified in the abstract review."",
      ""prerequisites"": [
        5
      ]
    },
    {
      ""id"": 7,
      ""description"": ""Screen full-text articles to confirm direct relevance to the paper's scope and discard irrelevant ones."",
      ""prerequisites"": [
        6
      ]
    },
    {
      ""id"": 8,
      ""description"": ""Read each selected article, focusing on its main arguments, methodologies, and key findings."",
      ""prerequisites"": [
        7
      ]
    },
    {
      ""id"": 9,
      ""description"": ""Create a summary of key findings, theories, and methodologies for each relevant article."",
      ""prerequisites"": [
        8
      ]
    },
    {
      ""id"": 10,
      ""description"": ""Identify overarching themes, categories, or sub-topics emerging from the summarized literature."",
      ""prerequisites"": [
        9
      ]
    },
    {
      ""id"": 11,
      ""description"": ""Develop a detailed outline for the related literature section, organizing it by the identified themes."",
      ""prerequisites"": [
        10
      ]
    },
    {
      ""id"": 12,
      ""description"": ""Write an introductory paragraph for the related literature section, stating its purpose and the scope of the review."",
      ""prerequisites"": [
        11
      ]
    },
    {
      ""id"": 13,
      ""description"": ""Draft the body paragraphs for the first theme identified in the outline, synthesizing information from multiple sources."",
      ""prerequisites"": [
        11,
        12
      ]
    },
    {
      ""id"": 14,
      ""description"": ""Draft the body paragraphs for the second theme identified in the outline, synthesizing information from multiple sources."",
      ""prerequisites"": [
        11,
        13
      ]
    },
    {
      ""id"": 15,
      ""description"": ""Draft the body paragraphs for all remaining themes identified in the outline, synthesizing information from multiple sources for each."",
      ""prerequisites"": [
        11,
        14
      ]
    },
    {
      ""id"": 16,
      ""description"": ""Write a concluding paragraph for the related literature section, summarizing key findings and highlighting gaps or areas for future research."",
      ""prerequisites"": [
        11,
        15
      ]
    },
    {
      ""id"": 17,
      ""description"": ""Review the entire related literature section for logical flow, coherence, and smooth transitions between paragraphs and themes."",
      ""prerequisites"": [
        12,
        15,
        16
      ]
    },
    {
      ""id"": 18,
      ""description"": ""Verify that all claims and information are accurately supported by in-text citations according to the required style."",
      ""prerequisites"": [
        17
      ]
    },
    {
      ""id"": 19,
      ""description"": ""Compile a complete and correctly formatted reference list for all cited sources."",
      ""prerequisites"": [
        18
      ]
    },
    {
      ""id"": 20,
      ""description"": ""Proofread the entire section for grammar, spelling, punctuation, and adherence to academic writing standards."",
      ""prerequisites"": [
        17,
        18,
        19
      ]
    }
  ]
}",,,,,
R105,S3-P2,"I need to write Chapter 1 of a research paper on social media's effects on teenagers. The paper examines how social media use affects teenagers' mental health and academic performance. Chapter 1 consists of four sections: Background of the Study, Research Objectives, Scope and Limitations, and Significance of the Study. Break this chapter down into microtasks I can execute one at a time, noting which microtasks depend on others and which can be worked on independently.","{""microtasks"": [{""id"": 1, ""description"": ""Research existing literature and statistics regarding social media's impact on teenage mental health."", ""prerequisites"": []}, {""id"": 2, ""description"": ""Research existing literature and statistics regarding social media's impact on teenage academic performance."", ""prerequisites"": []}, {""id"": 3, ""description"": ""Write the Background of the Study section using gathered research."", ""prerequisites"": [1, 2]}, {""id"": 4, ""description"": ""Formulate the central research question for the study."", ""prerequisites"": [3]}, {""id"": 5, ""description"": ""Draft specific research objectives related to mental health."", ""prerequisites"": [4]}, {""id"": 6, ""description"": ""Draft specific research objectives related to academic performance."", ""prerequisites"": [4]}, {""id"": 7, ""description"": ""Write the Research Objectives section."", ""prerequisites"": [5, 6]}, {""id"": 8, ""description"": ""Define the demographic and geographic scope of the study."", ""prerequisites"": [4]}, {""id"": 9, ""description"": ""Define the specific variables and timeframes to be studied."", ""prerequisites"": [4]}, {""id"": 10, ""description"": ""Identify potential methodological and practical limitations of the research."", ""prerequisites"": [8, 9]}, {""id"": 11, ""description"": ""Write the Scope and Limitations section."", ""prerequisites"": [8, 9, 10]}, {""id"": 12, ""description"": ""Identify key stakeholders who will benefit from the research (e.g., parents, educators, policymakers)."", ""prerequisites"": [4]}, {""id"": 13, ""description"": ""Draft the specific practical implications for each identified stakeholder."", ""prerequisites"": [12]}, {""id"": 14, ""description"": ""Write the Significance of the Study section."", ""prerequisites"": [13]}]}",,,,,
R106,S3-P10,"I just got my draft of the Introduction chapter back from my thesis adviser, and I am overwhelmed by the required revisions. The adviser left three main comments: 1) The research gap is not clearly explicitly stated, 2) The transition between the background context and the problem statement is abrupt and confusing, and 3) I need to incorporate at least three more recent sources (published between 2024-2026) to justify the severity of the problem. Break this revision process down into actionable microtasks so I can tackle these edits without panicking, noting which microtasks depend on others and which can be worked on independently.","{""microtasks"": [{""id"": 1, ""description"": ""Review current introduction draft to locate research gap."", ""prerequisites"": []}, {""id"": 2, ""description"": ""Draft explicit research gap statement."", ""prerequisites"": [1]}, {""id"": 3, ""description"": ""Revise introduction to include research gap."", ""prerequisites"": [2]}, {""id"": 4, ""description"": ""Review background context section for key points."", ""prerequisites"": []}, {""id"": 5, ""description"": ""Review problem statement section for key points."", ""prerequisites"": []}, {""id"": 6, ""description"": ""Write transition paragraph linking background to problem."", ""prerequisites"": [4,5]}, {""id"": 7, ""description"": ""Insert transition paragraph into introduction."", ""prerequisites"": [6]}, {""id"": 8, ""description"": ""Search literature for at least three recent sources (2024-2026) on problem severity."", ""prerequisites"": []}, {""id"": 9, ""description"": ""Summarize each source's relevance to problem severity."", ""prerequisites"": [8]}, {""id"": 10, ""description"": ""Integrate each source's findings into problem justification."", ""prerequisites"": [9]}, {""id"": 11, ""description"": ""Update citations and references."", ""prerequisites"": [10]}, {""id"": 12, ""description"": ""Review entire revised introduction for flow and consistency."", ""prerequisites"": [3,7,11]}, {""id"": 13, ""description"": ""Edit for style, grammar, and formatting."", ""prerequisites"": [12]}]}",,,,,
R107,S3-P8,"I need to write the Results and Discussion chapter for a research paper on group conformity in decision-making among university students. We ran a controlled group experiment with 80 participants and found that individuals were significantly more likely to change their answer when exposed to unanimous incorrect group responses, along with several recurring themes from follow-up interviews about social pressure. Break this down into microtasks for presenting the quantitative results, discussing the qualitative themes, and connecting both back to the research questions, noting which microtasks depend on others and which can be worked on independently.","{""microtasks"": [{""id"": 1, ""description"": ""Prepare and clean the quantitative dataset for the group conformity experiment (e.g., check data integrity, handle missing values, format variables)."", ""prerequisites"": []}, {""id"": 2, ""description"": ""Compute descriptive statistics and conduct inferential tests (e.g., means, standard deviations, chi-square or t-tests) for the quantitative outcomes."", ""prerequisites"": [1]}, {""id"": 3, ""description"": ""Create tables and figures to display the quantitative results (e.g., bar charts of conformity rates, table of statistical test results)."", ""prerequisites"": [2]}, {""id"": 4, ""description"": ""Draft the quantitative results paragraph that reports the statistical findings and references the tables/figures."", ""prerequisites"": [3]}, {""id"": 5, ""description"": ""Transcribe all audio recordings from the follow\u2011up interviews with participants."", ""prerequisites"": []}, {""id"": 6, ""description"": ""Code the interview transcripts using a systematic thematic analysis approach (e.g., open coding, axial coding)."", ""prerequisites"": [5]}, {""id"": 7, ""description"": ""Identify and organize the recurring qualitative themes that emerged from the coded interview data."", ""prerequisites"": [6]}, {""id"": 8, ""description"": ""Draft the qualitative themes paragraph that describes each theme and includes representative participant quotes."", ""prerequisites"": [7]}, {""id"": 9, ""description"": ""Synthesize the quantitative and qualitative findings into an integrated narrative that highlights how the statistical patterns relate to the interview themes."", ""prerequisites"": [4, 8]}, {""id"": 10, ""description"": ""Align the integrated narrative with the study\u2019s research questions, explicitly addressing each question with the combined evidence."", ""prerequisites"": [9]}, {""id"": 11, ""description"": ""Write the concluding paragraph that links the findings back to the original hypotheses and discusses implications, limitations, and directions for future research."", ""prerequisites"": [10]}]}",,,,,
R108,S3-P1,I need to write the Background of the Study section for a research paper on the effects of social media use on teenagers. The paper argues that excessive social media use is linked to increased anxiety and lower self-esteem among teenagers. Break this down into microtasks I can start working on immediately.,"{
  ""microtasks"": [
    {
      ""id"": 1,
      ""description"": ""Search for and collect 3-5 key statistics regarding teenage social media consumption habits, such as daily screen time and platform preferences."",
      ""prerequisites"": []
    },
    {
      ""id"": 2,
      ""description"": ""Search for and collect 3-5 academic studies linking social media use to adolescent anxiety."",
      ""prerequisites"": []
    },
    {
      ""id"": 3,
      ""description"": ""Search for and collect 3-5 academic studies linking social media use to adolescent self-esteem."",
      ""prerequisites"": []
    },
    {
      ""id"": 4,
      ""description"": ""Create a detailed outline for the Background of the Study section, structuring it from broad context to the specific variables of anxiety and self-esteem."",
      ""prerequisites"": []
    },
    {
      ""id"": 5,
      ""description"": ""Draft the opening paragraph introducing the ubiquity of social media in modern teenage life using the collected statistics."",
      ""prerequisites"": [1, 4]
    },
    {
      ""id"": 6,
      ""description"": ""Draft the paragraphs detailing the historical rise of social media and the corresponding shifts in teenage mental health trends over the last decade."",
      ""prerequisites"": [1, 4]
    },
    {
      ""id"": 7,
      ""description"": ""Draft the subsection synthesizing literature on the link between excessive social media use and teenage anxiety."",
      ""prerequisites"": [2, 4]
    },
    {
      ""id"": 8,
      ""description"": ""Draft the subsection synthesizing literature on the link between excessive social media use and low self-esteem."",
      ""prerequisites"": [3, 4]
    },
    {
      ""id"": 9,
      ""description"": ""Draft the paragraph identifying the gap in current literature or the specific need for this study to transition into the problem statement."",
      ""prerequisites"": [7, 8]
    },
    {
      ""id"": 10,
      ""description"": ""Combine the drafted subsections into a single cohesive narrative and write transition sentences between paragraphs."",
      ""prerequisites"": [5, 6, 7, 8, 9]
    },
    {
      ""id"": 11,
      ""description"": ""Review and format all in-text citations and references within the draft according to the required academic style guide."",
      ""prerequisites"": [10]
    },
    {
      ""id"": 12,
      ""description"": ""Proofread the entire Background of the Study section for clarity, academic tone, and grammatical errors."",
      ""prerequisites"": [11]
    }
  ]
}",,,,,
R109,S3-P9,"I need to write the Conclusion and Recommendations chapter for our research paper on reward-based habit formation among working professionals. The chapter should summarize key findings from our results, discuss implications for employers and HR practitioners, acknowledge study limitations, and suggest directions for future research. Break this down into microtasks. I can complete one at a time, noting which microtasks depend on others and which can be worked on independently.","{""microtasks"": [{""id"": 1, ""description"": ""Review Results and Discussion chapters to extract core findings."", ""prerequisites"": []}, {""id"": 2, ""description"": ""Draft the summary of key findings."", ""prerequisites"": [1]}, {""id"": 3, ""description"": ""List specific implications for employers."", ""prerequisites"": [1]}, {""id"": 4, ""description"": ""List specific implications for HR practitioners."", ""prerequisites"": [1]}, {""id"": 5, ""description"": ""Write the implications section."", ""prerequisites"": [3, 4]}, {""id"": 6, ""description"": ""List study limitations."", ""prerequisites"": []}, {""id"": 7, ""description"": ""Write the limitations section."", ""prerequisites"": [6]}, {""id"": 8, ""description"": ""Brainstorm future research directions based on findings and limitations."", ""prerequisites"": [1, 6]}, {""id"": 9, ""description"": ""Write the future research section."", ""prerequisites"": [8]}, {""id"": 10, ""description"": ""Draft the final concluding statement."", ""prerequisites"": [2, 5, 7, 9]}, {""id"": 11, ""description"": ""Perform a final review of the entire chapter for coherence and academic tone."", ""prerequisites"": [10]}]}",,,,,
R110,S3-P2,"I need to write Chapter 1 of a research paper on social media's effects on teenagers. The paper examines how social media use affects teenagers' mental health and academic performance. Chapter 1 consists of four sections: Background of the Study, Research Objectives, Scope and Limitations, and Significance of the Study. Break this chapter down into microtasks I can execute one at a time, noting which microtasks depend on others and which can be worked on independently.","{""microtasks"": [{""id"": 1, ""description"": ""Conduct a preliminary literature search on social media's effects on teenage mental health."", ""prerequisites"": []}, {""id"": 2, ""description"": ""Summarize findings on how social media use impacts teenagers' academic performance."", ""prerequisites"": [1]}, {""id"": 3, ""description"": ""Synthesize the literature search results into a concise background overview for the \""Background of the Study\"" section."", ""prerequisites"": [2]}, {""id"": 4, ""description"": ""Draft the introductory paragraph and contextual overview for the \""Background of the Study\"" section."", ""prerequisites"": [3]}, {""id"": 5, ""description"": ""Review existing research objectives from similar studies on social media and teenagers."", ""prerequisites"": [3]}, {""id"": 6, ""description"": ""Define clear, measurable research objectives based on the gap analysis from the literature review."", ""prerequisites"": [5]}, {""id"": 7, ""description"": ""Write the \""Research Objectives\"" section incorporating the defined objectives."", ""prerequisites"": [6]}, {""id"": 8, ""description"": ""Identify and specify the boundaries of the study (population, timeframe, platforms) for scope definition."", ""prerequisites"": [7]}, {""id"": 9, ""description"": ""List and describe potential limitations (e.g., sample size, self\u2011report bias, generalizability)."", ""prerequisites"": [8]}, {""id"": 10, ""description"": ""Draft the \""Scope and Limitations\"" section integrating the identified scope and limitations."", ""prerequisites"": [9]}, {""id"": 11, ""description"": ""Articulate the expected contributions and practical implications of the study."", ""prerequisites"": [7]}, {""id"": 12, ""description"": ""Write the \""Significance of the Study\"" section incorporating the contributions and implications."", ""prerequisites"": [11]}, {""id"": 13, ""description"": ""Perform a final review and edit of Chapter 1 for coherence, flow, and adherence to guidelines."", ""prerequisites"": [4,7,10,12]}]}",,,,,
R111,S3-P9,"I need to write the Conclusion and Recommendations chapter for our research paper on reward-based habit formation among working professionals. The chapter should summarize key findings from our results, discuss implications for employers and HR practitioners, acknowledge study limitations, and suggest directions for future research. Break this down into microtasks. I can complete one at a time, noting which microtasks depend on others and which can be worked on independently.","{
  ""microtasks"": [
    {
      ""id"": 1,
      ""description"": ""Outline the main sections for the Conclusion and Recommendations chapter (e.g., Summary of Findings, Implications, Limitations, Future Research)."",
      ""prerequisites"": []
    },
    {
      ""id"": 2,
      ""description"": ""Review the 'Results' chapter to identify the most significant findings related to reward-based habit formation."",
      ""prerequisites"": []
    },
    {
      ""id"": 3,
      ""description"": ""Identify potential limitations of the study's methodology, sample, or scope."",
      ""prerequisites"": []
    },
    {
      ""id"": 4,
      ""description"": ""Draft a section summarizing the key findings from the 'Results' chapter clearly and concisely."",
      ""prerequisites"": [
        2
      ]
    },
    {
      ""id"": 5,
      ""description"": ""Brainstorm practical implications of the key findings for employers and HR practitioners."",
      ""prerequisites"": [
        4
      ]
    },
    {
      ""id"": 6,
      ""description"": ""Draft a section discussing the implications for employers and HR practitioners, linking them directly to the findings."",
      ""prerequisites"": [
        5
      ]
    },
    {
      ""id"": 7,
      ""description"": ""Draft a section acknowledging the identified study limitations and their potential impact."",
      ""prerequisites"": [
        3
      ]
    },
    {
      ""id"": 8,
      ""description"": ""Brainstorm specific, actionable directions for future research based on the study's findings and limitations."",
      ""prerequisites"": [
        4,
        7
      ]
    },
    {
      ""id"": 9,
      ""description"": ""Draft a section outlining the suggested directions for future research."",
      ""prerequisites"": [
        8
      ]
    },
    {
      ""id"": 10,
      ""description"": ""Draft a brief introductory paragraph for the Conclusion and Recommendations chapter."",
      ""prerequisites"": [
        1
      ]
    },
    {
      ""id"": 11,
      ""description"": ""Draft a brief concluding paragraph for the Conclusion and Recommendations chapter."",
      ""prerequisites"": [
        6,
        7,
        9
      ]
    },
    {
      ""id"": 12,
      ""description"": ""Review the entire chapter for clarity, coherence, and logical flow between sections."",
      ""prerequisites"": [
        6,
        7,
        9,
        10,
        11
      ]
    },
    {
      ""id"": 13,
      ""description"": ""Check for consistency in terminology, formatting, and tone throughout the chapter."",
      ""prerequisites"": [
        12
      ]
    },
    {
      ""id"": 14,
      ""description"": ""Proofread the chapter for grammar, spelling, punctuation, and typographical errors."",
      ""prerequisites"": [
        13
      ]
    }
  ]
}",,,,,
R112,S3-P4,"I am tasked with writing the methodology section for a research paper on the effects of social media on teenagers, in which we will be surveying and interviewing undergraduate students within our college. Break this down into microtasks that are simple to understand and initiate, noting which microtasks depend on others and which can be worked on independently.","{""microtasks"": [{""id"": 1, ""description"": ""Define research objectives and hypotheses for the study on social media's effects on teenagers."", ""prerequisites"": []}, {""id"": 2, ""description"": ""Conduct a literature review focusing on social media impacts on teenage behavior and attitudes."", ""prerequisites"": [1]}, {""id"": 3, ""description"": ""Identify key variables and constructs to measure (e.g., usage frequency, mental health outcomes, peer influence)."", ""prerequisites"": [2]}, {""id"": 4, ""description"": ""Draft the initial version of the survey questionnaire, including demographic, usage, and outcome items."", ""prerequisites"": [3]}, {""id"": 5, ""description"": ""Review the draft survey with a peer or mentor for clarity, relevance, and potential biases."", ""prerequisites"": [4]}, {""id"": 6, ""description"": ""Submit the survey instrument and study protocol to the Institutional Review Board (IRB) for ethical approval."", ""prerequisites"": [5]}, {""id"": 7, ""description"": ""Obtain IRB approval confirmation and any required modifications."", ""prerequisites"": [6]}, {""id"": 8, ""description"": ""Design the interview guide with open\u2011ended questions to explore teenagers' experiences with social media."", ""prerequisites"": [2]}, {""id"": 9, ""description"": ""Review the interview guide for consistency, flow, and alignment with research objectives."", ""prerequisites"": [8]}, {""id"": 10, ""description"": ""Recruit undergraduate participants by creating and posting a study flyer and obtaining consent forms."", ""prerequisites"": [7]}, {""id"": 11, ""description"": ""Distribute the survey link to recruited participants via email or the college portal."", ""prerequisites"": [10]}, {""id"": 12, ""description"": ""Collect completed survey responses within the designated timeframe."", ""prerequisites"": [11]}, {""id"": 13, ""description"": ""Schedule interview sessions with willing participants and confirm details."", ""prerequisites"": [10]}, {""id"": 14, ""description"": ""Conduct the scheduled interviews, record them, and obtain participant signatures."", ""prerequisites"": [13]}, {""id"": 15, ""description"": ""Transcribe interview recordings verbatim."", ""prerequisites"": [14]}, {""id"": 16, ""description"": ""Perform quantitative data analysis on survey responses (descriptive statistics, correlations)."", ""prerequisites"": [12]}, {""id"": 17, ""description"": ""Perform qualitative thematic analysis on interview transcripts to identify patterns and themes."", ""prerequisites"": [15]}, {""id"": 18, ""description"": ""Integrate quantitative and qualitative findings and write the methodology section, describing participants, procedures, instruments, and analysis."", ""prerequisites"": [16, 17]}, {""id"": 19, ""description"": ""Revise the methodology section based on feedback from supervisor or co\u2011authors."", ""prerequisites"": [18]}, {""id"": 20, ""description"": ""Finalize the methodology section, ensure proper citation format, and prepare for manuscript submission."", ""prerequisites"": [19]}]}",,,,,
R113,S3-P8,"I need to write the Results and Discussion chapter for a research paper on group conformity in decision-making among university students. We ran a controlled group experiment with 80 participants and found that individuals were significantly more likely to change their answer when exposed to unanimous incorrect group responses, along with several recurring themes from follow-up interviews about social pressure. Break this down into microtasks for presenting the quantitative results, discussing the qualitative themes, and connecting both back to the research questions, noting which microtasks depend on others and which can be worked on independently.","{""microtasks"": [{""id"": 1, ""description"": ""Organize raw experimental data from the 80 participants."", ""prerequisites"": []}, {""id"": 2, ""description"": ""Generate statistical tables and figures representing conformity rates."", ""prerequisites"": [1]}, {""id"": 3, ""description"": ""Write the quantitative results section describing the significance of answer changes."", ""prerequisites"": [2]}, {""id"": 4, ""description"": ""Code interview transcripts into recurring themes."", ""prerequisites"": []}, {""id"": 5, ""description"": ""Select specific quotes that illustrate the social pressure themes."", ""prerequisites"": [4]}, {""id"": 6, ""description"": ""Write the qualitative results section describing the themes and quotes."", ""prerequisites"": [5]}, {""id"": 7, ""description"": ""Compare the quantitative conformity findings to existing research literature."", ""prerequisites"": [3]}, {""id"": 8, ""description"": ""Compare the qualitative social pressure themes to existing research literature."", ""prerequisites"": [6]}, {""id"": 9, ""description"": ""Synthesize the quantitative and qualitative findings to address the research questions."", ""prerequisites"": [7, 8]}, {""id"": 10, ""description"": ""Draft the limitations and implications of the study."", ""prerequisites"": [9]}]}",,,,,
R114,S3-P10,"I just got my draft of the Introduction chapter back from my thesis adviser, and I am overwhelmed by the required revisions. The adviser left three main comments: 1) The research gap is not clearly explicitly stated, 2) The transition between the background context and the problem statement is abrupt and confusing, and 3) I need to incorporate at least three more recent sources (published between 2024-2026) to justify the severity of the problem. Break this revision process down into actionable microtasks so I can tackle these edits without panicking, noting which microtasks depend on others and which can be worked on independently.","{
  ""microtasks"": [
    {
      ""id"": 1,
      ""description"": ""Review the Introduction chapter to identify the current location and clarity of the research gap statement."",
      ""prerequisites"": []
    },
    {
      ""id"": 2,
      ""description"": ""Draft one to three explicit sentences clearly stating the research gap."",
      ""prerequisites"": [
        1
      ]
    },
    {
      ""id"": 3,
      ""description"": ""Integrate the drafted research gap statement into the Introduction chapter."",
      ""prerequisites"": [
        2
      ]
    },
    {
      ""id"": 4,
      ""description"": ""Read the section of the Introduction chapter between the background context and the problem statement to identify the abrupt transition."",
      ""prerequisites"": []
    },
    {
      ""id"": 5,
      ""description"": ""Pinpoint specific phrases or sentences that make the transition abrupt or confusing."",
      ""prerequisites"": [
        4
      ]
    },
    {
      ""id"": 6,
      ""description"": ""Brainstorm alternative phrasing, connecting words, or additional sentences to smooth the transition."",
      ""prerequisites"": [
        5
      ]
    },
    {
      ""id"": 7,
      ""description"": ""Draft new transitional text to create a smoother flow between the background context and the problem statement."",
      ""prerequisites"": [
        6
      ]
    },
    {
      ""id"": 8,
      ""description"": ""Integrate the new transitional text into the Introduction chapter."",
      ""prerequisites"": [
        7
      ]
    },
    {
      ""id"": 9,
      ""description"": ""Conduct a literature search for at least three academic sources published between 2024-2026 relevant to the severity of the problem."",
      ""prerequisites"": []
    },
    {
      ""id"": 10,
      ""description"": ""Select at least three highly relevant sources from the search results."",
      ""prerequisites"": [
        9
      ]
    },
    {
      ""id"": 11,
      ""description"": ""Read the selected sources to extract key findings or arguments that justify the severity of the problem."",
      ""prerequisites"": [
        10
      ]
    },
    {
      ""id"": 12,
      ""description"": ""Draft sentences or a paragraph incorporating the findings from the new sources to strengthen the justification of the problem's severity."",
      ""prerequisites"": [
        11
      ]
    },
    {
      ""id"": 13,
      ""description"": ""Integrate the drafted text with new sources into the relevant section of the Introduction chapter."",
      ""prerequisites"": [
        12
      ]
    },
    {
      ""id"": 14,
      ""description"": ""Add the new sources to the reference list or bibliography."",
      ""prerequisites"": [
        13
      ]
    },
    {
      ""id"": 15,
      ""description"": ""Read through the entire revised Introduction chapter to ensure overall coherence, flow, and clarity after all changes."",
      ""prerequisites"": [
        3,
        8,
        13,
        14
      ]
    }
  ]
}",,,,,
R115,S3-P2,"I need to write Chapter 1 of a research paper on social media's effects on teenagers. The paper examines how social media use affects teenagers' mental health and academic performance. Chapter 1 consists of four sections: Background of the Study, Research Objectives, Scope and Limitations, and Significance of the Study. Break this chapter down into microtasks I can execute one at a time, noting which microtasks depend on others and which can be worked on independently.","{
  ""microtasks"": [
    {
      ""id"": 1,
      ""description"": ""Brainstorm key concepts for the paper: social media, teenagers, mental health, academic performance."",
      ""prerequisites"": []
    },
    {
      ""id"": 2,
      ""description"": ""Search for foundational literature on social media use among teenagers (prevalence, trends)."",
      ""prerequisites"": [
        1
      ]
    },
    {
      ""id"": 3,
      ""description"": ""Search for literature on social media's effects on teenagers' mental health."",
      ""prerequisites"": [
        1
      ]
    },
    {
      ""id"": 4,
      ""description"": ""Search for literature on social media's effects on teenagers' academic performance."",
      ""prerequisites"": [
        1
      ]
    },
    {
      ""id"": 5,
      ""description"": ""Outline the structure of the 'Background of the Study' section (e.g., general context, specific issues, problem statement)."",
      ""prerequisites"": [
        2,
        3,
        4
      ]
    },
    {
      ""id"": 6,
      ""description"": ""Draft the introductory paragraph for the 'Background of the Study', defining social media and its relevance to teenagers."",
      ""prerequisites"": [
        5
      ]
    },
    {
      ""id"": 7,
      ""description"": ""Draft paragraphs detailing the general context and prevalence of social media use among teenagers."",
      ""prerequisites"": [
        5,
        6
      ]
    },
    {
      ""id"": 8,
      ""description"": ""Draft paragraphs discussing existing research and concerns regarding social media's impact on mental health in teenagers."",
      ""prerequisites"": [
        5,
        7
      ]
    },
    {
      ""id"": 9,
      ""description"": ""Draft paragraphs discussing existing research and concerns regarding social media's impact on academic performance in teenagers."",
      ""prerequisites"": [
        5,
        7
      ]
    },
    {
      ""id"": 10,
      ""description"": ""Draft the concluding paragraph for the 'Background of the Study', leading to the problem statement."",
      ""prerequisites"": [
        8,
        9
      ]
    },
    {
      ""id"": 11,
      ""description"": ""Review and refine the entire 'Background of the Study' section for flow, coherence, and clarity."",
      ""prerequisites"": [
        10
      ]
    },
    {
      ""id"": 12,
      ""description"": ""Identify the main overarching research goal of the study."",
      ""prerequisites"": [
        10
      ]
    },
    {
      ""id"": 13,
      ""description"": ""Formulate specific research objectives related to social media's effects on mental health."",
      ""prerequisites"": [
        12
      ]
    },
    {
      ""id"": 14,
      ""description"": ""Formulate specific research objectives related to social media's effects on academic performance."",
      ""prerequisites"": [
        12
      ]
    },
    {
      ""id"": 15,
      ""description"": ""Draft the 'Research Objectives' section, listing the main objective and specific objectives."",
      ""prerequisites"": [
        13,
        14
      ]
    },
    {
      ""id"": 16,
      ""description"": ""Review and refine the 'Research Objectives' section for clarity and alignment with the background."",
      ""prerequisites"": [
        15
      ]
    },
    {
      ""id"": 17,
      ""description"": ""Determine the target population (e.g., age range, geographical location) and specific aspects of social media use to be examined for the 'Scope'."",
      ""prerequisites"": [
        15
      ]
    },
    {
      ""id"": 18,
      ""description"": ""Determine the specific mental health and academic performance indicators to be examined for the 'Scope'."",
      ""prerequisites"": [
        15
      ]
    },
    {
      ""id"": 19,
      ""description"": ""Identify potential limitations of the study (e.g., sample size, methodology, self-report bias)."",
      ""prerequisites"": [
        15
      ]
    },
    {
      ""id"": 20,
      ""description"": ""Draft the 'Scope of the Study' section."",
      ""prerequisites"": [
        17,
        18
      ]
    },
    {
      ""id"": 21,
      ""description"": ""Draft the 'Limitations of the Study' section."",
      ""prerequisites"": [
        19
      ]
    },
    {
      ""id"": 22,
      ""description"": ""Review and refine the 'Scope and Limitations' section for clarity and completeness."",
      ""prerequisites"": [
        20,
        21
      ]
    },
    {
      ""id"": 23,
      ""description"": ""Brainstorm potential beneficiaries (e.g., teenagers, parents, educators, policymakers) and practical implications of the research findings."",
      ""prerequisites"": [
        15
      ]
    },
    {
      ""id"": 24,
      ""description"": ""Identify the theoretical or academic contributions of the research."",
      ""prerequisites"": [
        15
      ]
    },
    {
      ""id"": 25,
      ""description"": ""Draft paragraphs explaining the significance of the study for different stakeholders."",
      ""prerequisites"": [
        23
      ]
    },
    {
      ""id"": 26,
      ""description"": ""Draft paragraphs explaining the theoretical or academic significance of the study."",
      ""prerequisites"": [
        24
      ]
    },
    {
      ""id"": 27,
      ""description"": ""Review and refine the 'Significance of the Study' section."",
      ""prerequisites"": [
        25,
        26
      ]
    },
    {
      ""id"": 28,
      ""description"": ""Read through the entire Chapter 1 to ensure overall coherence and logical flow between sections."",
      ""prerequisites"": [
        11,
        16,
        22,
        27
      ]
    },
    {
      ""id"": 29,
      ""description"": ""Check for consistency in terminology, argument, and formatting across all sections of Chapter 1."",
      ""prerequisites"": [
        28
      ]
    },
    {
      ""id"": 30,
      ""description"": ""Proofread Chapter 1 for grammar, spelling, punctuation, and citation errors."",
      ""prerequisites"": [
        29
      ]
    },
    {
      ""id"": 31,
      ""description"": ""Format Chapter 1 according to the required paper guidelines (e.g., headings, margins, font)."",
      ""prerequisites"": [
        30
      ]
    }
  ]
}",,,,,
R116,S3-P6,I need to write the related literature section of our research paper on the effects of social media use on teenagers. I do not know where to start. Create microtasks that would help me write this section of the paper.,"{
  ""microtasks"": [
    {
      ""id"": 1,
      ""description"": ""Define a list of search keywords and boolean operators related to social media use and teenagers (e.g., 'social media AND adolescents AND mental health')."",
      ""prerequisites"": []
    },
    {
      ""id"": 2,
      ""description"": ""Search academic databases (such as Google Scholar, PubMed, or PsycINFO) using the defined keywords and download 12-15 peer-reviewed articles."",
      ""prerequisites"": [1]
    },
    {
      ""id"": 3,
      ""description"": ""Screen the abstracts of the downloaded articles to select the 8-10 most relevant papers for the literature review."",
      ""prerequisites"": [2]
    },
    {
      ""id"": 4,
      ""description"": ""Set up a literature matrix spreadsheet with columns for Author/Year, Methodology, Key Findings, and Limitations."",
      ""prerequisites"": [3]
    },
    {
      ""id"": 5,
      ""description"": ""Read the selected papers and populate the literature matrix with details from each study."",
      ""prerequisites"": [4]
    },
    {
      ""id"": 6,
      ""description"": ""Analyze the completed literature matrix to group the papers into 3 distinct thematic categories (e.g., mental health impacts, sleep disruption, social connectivity)."",
      ""prerequisites"": [5]
    },
    {
      ""id"": 7,
      ""description"": ""Draft a structured outline of the literature review section, including an introduction, the 3 thematic subsections, and a summary/gap analysis."",
      ""prerequisites"": [6]
    },
    {
      ""id"": 8,
      ""description"": ""Write the introductory paragraph of the literature review, establishing the context, importance, and organizational structure of the section."",
      ""prerequisites"": [7]
    },
    {
      ""id"": 9,
      ""description"": ""Draft the first thematic subsection of the literature review, synthesizing the relevant sources from the matrix."",
      ""prerequisites"": [7]
    },
    {
      ""id"": 10,
      ""description"": ""Draft the second thematic subsection of the literature review, synthesizing the relevant sources from the matrix."",
      ""prerequisites"": [7]
    },
    {
      ""id"": 11,
      ""description"": ""Draft the third thematic subsection of the literature review, synthesizing the relevant sources from the matrix."",
      ""prerequisites"": [7]
    },
    {
      ""id"": 12,
      ""description"": ""Write the synthesis and gap analysis subsection, highlighting what is missing in the existing literature and how your study addresses this gap."",
      ""prerequisites"": [9, 10, 11]
    },
    {
      ""id"": 13,
      ""description"": ""Assemble the introduction, thematic subsections, and gap analysis into a single cohesive draft, adding transitional sentences between paragraphs."",
      ""prerequisites"": [8, 12]
    },
    {
      ""id"": 14,
      ""description"": ""Format all in-text citations and generate the reference list according to the required academic style guide (e.g., APA, MLA)."",
      ""prerequisites"": [13]
    },
    {
      ""id"": 15,
      ""description"": ""Proofread the entire draft for clarity, academic tone, flow, and grammatical correctness."",
      ""prerequisites"": [14]
    }
  ]
}",,,,,
R117,S3-P8,"I need to write the Results and Discussion chapter for a research paper on group conformity in decision-making among university students. We ran a controlled group experiment with 80 participants and found that individuals were significantly more likely to change their answer when exposed to unanimous incorrect group responses, along with several recurring themes from follow-up interviews about social pressure. Break this down into microtasks for presenting the quantitative results, discussing the qualitative themes, and connecting both back to the research questions, noting which microtasks depend on others and which can be worked on independently.","{""microtasks"": [{""id"": 1, ""description"": ""Organize the experimental data, compute descriptive statistics, and create figures/tables for the quantitative results (e.g., mean percentages of answer changes across conditions)."", ""prerequisites"": []}, {""id"": 2, ""description"": ""Write the quantitative results section, reporting statistical tests, significance levels, and including the tables/figures created in Task 1."", ""prerequisites"": [1]}, {""id"": 3, ""description"": ""Draft the quantitative discussion, interpreting the statistical findings, relating them to prior literature on group conformity, and noting limitations."", ""prerequisites"": [2]}, {""id"": 4, ""description"": ""Transcribe all audio recordings from the follow\u2011up interviews using a transcription tool or service."", ""prerequisites"": []}, {""id"": 5, ""description"": ""Code the interview transcripts to identify recurring themes (e.g., fear of dissent, desire for acceptance, perceived social pressure) using a systematic coding scheme."", ""prerequisites"": [4]}, {""id"": 6, ""description"": ""Summarize the identified qualitative themes in bullet points or a thematic matrix for the results section."", ""prerequisites"": [5]}, {""id"": 7, ""description"": ""Write the qualitative results section, presenting the themes and illustrative quotes, and linking them to the interview data."", ""prerequisites"": [6]}, {""id"": 8, ""description"": ""Draft the qualitative discussion, interpreting the themes in the context of social pressure theory and connecting them to the quantitative findings."", ""prerequisites"": [7]}, {""id"": 9, ""description"": ""Create an integrated discussion that weaves together the quantitative and qualitative results, highlighting convergences and divergences."", ""prerequisites"": [3, 8]}, {""id"": 10, ""description"": ""Explicitly align the integrated discussion with the study\u2019s research questions, stating how each finding addresses the overarching aims."", ""prerequisites"": [9]}, {""id"": 11, ""description"": ""Write a concluding paragraph that summarizes the overall findings, discusses implications for theory and practice, and suggests future research directions."", ""prerequisites"": [10]}, {""id"": 12, ""description"": ""Perform a final review and edit of the entire Results and Discussion chapter for coherence, formatting, and adherence to journal guidelines."", ""prerequisites"": [11]}]}",,,,,
R118,S3-P9,"I need to write the Conclusion and Recommendations chapter for our research paper on reward-based habit formation among working professionals. The chapter should summarize key findings from our results, discuss implications for employers and HR practitioners, acknowledge study limitations, and suggest directions for future research. Break this down into microtasks. I can complete one at a time, noting which microtasks depend on others and which can be worked on independently.","{""microtasks"": [{""id"": 1, ""description"": ""Review and synthesize the key findings from the results section of the research paper."", ""prerequisites"": []}, {""id"": 2, ""description"": ""Draft the summary of key findings based on the synthesis from microtask 1."", ""prerequisites"": [1]}, {""id"": 3, ""description"": ""Review relevant literature and research on implications for employers in the context of reward-based habit formation."", ""prerequisites"": [1]}, {""id"": 4, ""description"": ""Draft the implications for employers section, incorporating insights from microtask 3."", ""prerequisites"": [3]}, {""id"": 5, ""description"": ""Review relevant literature and research on implications for HR practitioners regarding reward-based habit formation."", ""prerequisites"": [1]}, {""id"": 6, ""description"": ""Draft the implications for HR practitioners section, incorporating insights from microtask 5."", ""prerequisites"": [5]}, {""id"": 7, ""description"": ""Review existing literature to identify potential limitations of the current study."", ""prerequisites"": [1]}, {""id"": 8, ""description"": ""Draft the limitations section, summarizing the identified limitations from microtask 7."", ""prerequisites"": [7]}, {""id"": 9, ""description"": ""Review literature to identify gaps and directions for future research in reward-based habit formation."", ""prerequisites"": [1]}, {""id"": 10, ""description"": ""Draft the future research suggestions section, incorporating insights from microtask 9."", ""prerequisites"": [9]}, {""id"": 11, ""description"": ""Integrate the drafted sections (key findings, employer implications, HR implications, limitations, and future research) into a cohesive conclusion chapter."", ""prerequisites"": [2, 4, 6, 8, 10]}, {""id"": 12, ""description"": ""Edit the integrated conclusion chapter for flow, transitions, and overall consistency."", ""prerequisites"": [11]}, {""id"": 13, ""description"": ""Proofread the final conclusion chapter and format all citations and references according to the target journal’s guidelines."", ""prerequisites"": [12]}]}",,,,,
R119,S3-P3,"I need to write the Significance of the Study section for a research paper on sleep deprivation and academic performance among undergraduate students. The section needs to address significance to the academic community, to university administrators, and to student health services. Give me the most granular breakdown of microtasks possible for writing this section.","{""microtasks"": [{""id"": 1, ""description"": ""Conduct a comprehensive literature review on sleep deprivation and academic performance among undergraduates."", ""prerequisites"": []}, {""id"": 2, ""description"": ""Identify gaps in existing research that the current study addresses."", ""prerequisites"": [1]}, {""id"": 3, ""description"": ""Summarize the key findings of the study’s data analysis."", ""prerequisites"": [2]}, {""id"": 4, ""description"": ""Outline the structure of the Significance of the Study section (including subsections for academic community, administrators, health services)."", ""prerequisites"": [2, 3]}, {""id"": 5, ""description"": ""Identify scholarly implications for the academic community."", ""prerequisites"": [4]}, {""id"": 6, ""description"": ""Draft the paragraph on significance to the academic community, linking findings to broader scholarly impact."", ""prerequisites"": [5]}, {""id"": 7, ""description"": ""Identify policy implications for university administrators."", ""prerequisites"": [4]}, {""id"": 8, ""description"": ""Draft the paragraph on significance to university administrators, highlighting policy and institutional implications."", ""prerequisites"": [7]}, {""id"": 9, ""description"": ""Identify health service implications for student health services."", ""prerequisites"": [4]}, {""id"": 10, ""description"": ""Draft the paragraph on significance to student health services, emphasizing health promotion and support services."", ""prerequisites"": [9]}, {""id"": 11, ""description"": ""Integrate the three paragraphs into a cohesive, well\u2011flowing Significance of the Study section."", ""prerequisites"": [6, 8, 10]}, {""id"": 12, ""description"": ""Add in\u2011text citations and references for all claims made in the Significance section."", ""prerequisites"": [11]}, {""id"": 13, ""description"": ""Edit the Significance section for clarity, conciseness, and adherence to journal style guidelines."", ""prerequisites"": [12]}]}",,,,,
R120,S3-P5,I am writing the scope and limitations section for our research paper on peer pressure and risk-taking behavior among adolescents. We will only have high school students from our partner schools as participants. Another limitation is that we are not measuring long-term behavioral outcomes beyond the school year. Create microtasks that I can accomplish procedurally to complete this section of the paper.,"{""microtasks"": [{""id"": 1, ""description"": ""Review journal guidelines for scope and limitations section formatting."", ""prerequisites"": []}, {""id"": 2, ""description"": ""Draft a brief overview of the study's focus (peer pressure and risk-taking behavior among adolescents)."", ""prerequisites"": []}, {""id"": 3, ""description"": ""List and describe the participant inclusion criteria (high school students from partner schools, age range, grades)."", ""prerequisites"": []}, {""id"": 4, ""description"": ""List and describe the participant exclusion criteria (non\u2011partner schools, younger/older students, etc.)."", ""prerequisites"": []}, {""id"": 5, ""description"": ""Define the geographic and institutional scope (partner schools only)."", ""prerequisites"": []}, {""id"": 6, ""description"": ""Define the temporal scope (one school year)."", ""prerequisites"": []}, {""id"": 7, ""description"": ""Identify and list the primary outcomes to be measured (e.g., self\u2011reported peer pressure exposure, risk\u2011taking behavior scales)."", ""prerequisites"": []}, {""id"": 8, ""description"": ""Identify and list any secondary outcomes (if applicable)."", ""prerequisites"": []}, {""id"": 9, ""description"": ""Write the first draft of the scope paragraph incorporating population, setting, timeframe, and focus."", ""prerequisites"": [1, 2, 3, 4, 5, 6, 7, 8]}, {""id"": 10, ""description"": ""Write the first draft of the limitations paragraph addressing sample generalizability (partner schools only)."", ""prerequisites"": [1, 3, 4, 5]}, {""id"": 11, ""description"": ""Write the first draft of the limitations paragraph addressing temporal limitation (no long\u2011term follow\u2011up)."", ""prerequisites"": [1, 6]}, {""id"": 12, ""description"": ""Write the first draft of the limitations paragraph addressing other potential limitations (e.g., self\u2011report bias, cross\u2011sectional design)."", ""prerequisites"": [1, 7]}, {""id"": 13, ""description"": ""Combine drafts into a cohesive scope and limitations section (integrate paragraphs)."", ""prerequisites"": [9, 10, 11, 12]}, {""id"": 14, ""description"": ""Edit and proofread the scope and limitations section for clarity and adherence to guidelines."", ""prerequisites"": [13]}, {""id"": 15, ""description"": ""Seek feedback from supervisor or peers on the scope and limitations section."", ""prerequisites"": [14]}]}",,,,,
